queries,num_message,stage,prompt,model,query_counts,answer_similarity
"['книги для расширения кругозора и вдохновения список', 'лучшие книги для саморазвития и поиска вдохновения отзывы']",0,web_search,0,gemma-2-9b-it-Q8_0_L,2,0.7061360212286836
"['сколько книг читать в год для саморазвития', 'как развить привычку читать и выбрать интересные книги']",1,web_search,0,gemma-2-9b-it-Q8_0_L,2,0.8117111008160867
"['топ 5 упражнений для утренней зарядки видео', '#зарядка  #утренняязарядка  видео упражнения для фитнеса']",2,web_search,0,gemma-2-9b-it-Q8_0_L,2,0.817909262325393
"['история успеха известного спортсмена преодоление трудностей', 'мотивационные истории спортсменов жизненный путь примеры']",3,web_search,0,gemma-2-9b-it-Q8_0_L,2,0.7165489487601078
"['правила весенней обрезки плодовых деревьев для начинающих', 'техника обрезки яблонь, груш и слив весной']",4,web_search,0,gemma-2-9b-it-Q8_0_L,2,0.5747028840898329
"['лучшие сорта томатов для открытого грунта в Сибири с описанием', 'томаты для Сибири: урожайность, сроки созревания, устойчивость к болезням']",5,web_search,0,gemma-2-9b-it-Q8_0_L,2,0.741010013813286
"['как искусственный интеллект изменит политику в будущем', 'влияние AI на международные отношения: дискуссия']",6,web_search,0,gemma-2-9b-it-Q8_0_L,2,0.7404566687005344
"['как молодым людям участвовать в политике России', 'возможности для молодежи в политической жизни страны опрос']",7,web_search,0,gemma-2-9b-it-Q8_0_L,2,0.7037939099729532
"['case studies big data optimization business processes', 'how businesses use data analytics to improve efficiency examples']",8,web_search,0,gemma-2-9b-it-Q8_0_L,2,0.2881315384562181
"['future trends in big data analytics for data scientists', 'emerging technologies in big data analysis and their impact']",9,web_search,0,gemma-2-9b-it-Q8_0_L,2,0.37272987132802426
"['Влияние социальных сетей на формирование общественного мнения: обсуждение', '#СоциальныеСети #ОбщественноеМнение #Медиа']",10,web_search,0,gemma-2-9b-it-Q8_0_L,2,0.6165217409997807
"['будущее интернет рекламы тренды 2023 маркетологи', 'прогнозы развития digital advertising для рекламодателей']",11,web_search,0,gemma-2-9b-it-Q8_0_L,2,0.7289796408944627
"['методы развития критического мышления #критическоемышление #аналитика', 'упражнения для тренировки критического мышления #решения #критическоемышление']",12,web_search,0,gemma-2-9b-it-Q8_0_L,2,0.898170132579787
"['Экологические проблемы современности: решения и перспективы #экология #охранаприроды #зеленоебудущее', 'Как сохранить окружающую среду: практические советы и глобальные инициативы #экология #охранаприроды #зеленоебудущее']",13,web_search,0,gemma-2-9b-it-Q8_0_L,2,0.9382265386362787
"['техники медитации для снятия стресса', 'преимущества медитации для начинающих']",14,web_search,0,gemma-2-9b-it-Q8_0_L,2,0.8794930610625397
"['практичные советы по организации времени и пространства', 'методы повышения продуктивности и организованности для начинающих']",15,web_search,0,gemma-2-9b-it-Q8_0_L,2,0.6552603172306546
"['#здоровоепитание советы по выбору продуктов, #здоровье примеры рациона', 'как составить здоровый рацион питания для начинающих']",16,web_search,0,gemma-2-9b-it-Q8_0_L,2,0.6298302959866595
"['методы развития творческих способностей', 'упражнения для развития креативности #творчество #развитие #творческийпотенциал']",17,web_search,0,gemma-2-9b-it-Q8_0_L,2,0.8631257829919814
"['психология цвета в дизайне', 'влияние цвета на потребительское поведение исследования']",18,web_search,0,gemma-2-9b-it-Q8_0_L,2,0.830752472367845
"['как составить бюджет для молодых людей', 'простые инвестиции для начинающих: советы и рекомендации']",19,web_search,0,gemma-2-9b-it-Q8_0_L,2,0.767935704607877
"['влияние музыки на настроение и работоспособность исследования #музыкатерапия #саморазвитие', 'лучшая музыка для работы и учебы #фоноваямузыка #продуктивность']",20,web_search,0,gemma-2-9b-it-Q8_0_L,2,0.7647223718842928
"['методы развития эмоционального интеллекта', 'упражнения для повышения эмоционального интеллекта']",21,web_search,0,gemma-2-9b-it-Q8_0_L,2,0.9101148416230024
"['влияние социальных сетей на психическое здоровье дискуссия', 'как соцсети влияют на настроение и самооценку?']",22,web_search,0,gemma-2-9b-it-Q8_0_L,2,0.7715900500189857
"['как бороться с эмоциональным выгоранием', 'признаки и методы борьбы с выгоранием у взрослых/студентов/работников']",23,web_search,0,gemma-2-9b-it-Q8_0_L,2,0.579250985901575
"['как спорт влияет на работу мозга', 'лучшие виды спорта для улучшения памяти и концентрации']",24,web_search,0,gemma-2-9b-it-Q8_0_L,2,0.7498321165593862
"['как развить эмпатию: практические советы', 'улучшить коммуникации: упражнения на эмпатию #развитиеличности']",25,web_search,0,gemma-2-9b-it-Q8_0_L,2,0.6751980844913109
"['научные исследования влияние музыки на память', 'музыка для улучшения памяти и концентрации']",26,web_search,0,gemma-2-9b-it-Q8_0_L,2,0.7475458748186364
"['советы по построению гармоничных отношений', 'как улучшить отношения с партнером']",27,web_search,0,gemma-2-9b-it-Q8_0_L,2,0.587568004616947
"['влияние стресса на организм человека', 'как стресс влияет на физическое и психическое здоровье']",28,web_search,0,gemma-2-9b-it-Q8_0_L,2,0.9070938168045706
"['методы развития креативности', 'упражнения для повышения креативности #креативность #мышление #решения']",29,web_search,0,gemma-2-9b-it-Q8_0_L,2,0.8116085090974259
"['как технологии меняют образование', 'технологии в образовании: плюсы и минусы для качества и доступности']",30,web_search,0,gemma-2-9b-it-Q8_0_L,2,0.8694422199374949
"['визуальные методы борьбы со стрессом и тревогой', 'практические советы по снижению тревожности с иллюстрациями']",31,web_search,0,gemma-2-9b-it-Q8_0_L,2,0.8107865021213794
"['как искусство влияет на эмоции', 'психология восприятия искусства']",32,web_search,0,gemma-2-9b-it-Q8_0_L,2,0.54634472125263
"['методы развития лидерских качеств', 'как развить лидерские качества для начинающих руководителей']",33,web_search,0,gemma-2-9b-it-Q8_0_L,2,0.8882395378094965
"['питание для улучшения памяти и концентрации', 'диета для мозга: исследования и рецепты']",34,web_search,0,gemma-2-9b-it-Q8_0_L,2,0.7185370810699702
"['практические советы по созданию эффективных команд для сотрудников', 'как сформировать и управлять командой для повышения производительности']",35,web_search,0,gemma-2-9b-it-Q8_0_L,2,0.7270735913009894
"['влияние загрязнения воздуха на здоровье', 'как окружающая среда влияет на психическое здоровье']",36,web_search,0,gemma-2-9b-it-Q8_0_L,2,0.5231685064520804
"['методы развития навыков общения', 'как улучшить коммуникативные навыки для всех']",37,web_search,0,gemma-2-9b-it-Q8_0_L,2,0.8623503642336008
"['как путешествия меняют человека', 'путешествия и самопознание: что мы находим в дороге?']",38,web_search,0,gemma-2-9b-it-Q8_0_L,2,0.743091854710639
"['практические методы развития самодисциплины', 'советы по повышению самодисциплины для достижения целей']",39,web_search,0,gemma-2-9b-it-Q8_0_L,2,0.8824759963606523
"['книги для расширения кругозора и вдохновения список', 'лучшие книги для саморазвития и поиска вдохновения отзывы']",0,web_search,1,gemma-2-9b-it-Q8_0_L,2,0.7051747025839743
"['сколько книг читать в год для саморазвития', 'как развить привычку читать и выбрать интересные книги']",1,web_search,1,gemma-2-9b-it-Q8_0_L,2,0.8119701736005727
"['топ 5 упражнений для утренней зарядки видео', 'лучшие упражнения для утренней зарядки фото #зарядка #утренняязарядка #здоровыйобразжизни #фитнес']",2,web_search,1,gemma-2-9b-it-Q8_0_L,2,0.8957663226506896
"['история успеха спортсмена примеры', 'как спортсмены преодолевают трудности мотивация']",3,web_search,1,gemma-2-9b-it-Q8_0_L,2,0.7189650877852942
"['обрезка плодовых деревьев весной для начинающих', 'правила обрезки яблонь, груш и слив в весенний период']",4,web_search,1,gemma-2-9b-it-Q8_0_L,2,0.5732445463570233
"['лучшие сорта томатов для открытого грунта в Сибири', 'томаты для Сибири: описание сортов с фото и характеристиками']",5,web_search,1,gemma-2-9b-it-Q8_0_L,2,0.758247261248008
"['как искусственный интеллект изменит политику в будущем', 'влияние AI на международные отношения: дискуссия']",6,web_search,1,gemma-2-9b-it-Q8_0_L,2,0.7424099961765375
"['как молодежь может влиять на политику в России', 'опрос: что важно молодым людям в политике?']",7,web_search,1,gemma-2-9b-it-Q8_0_L,2,0.7664314407538366
"['кейсы применения big data для оптимизации бизнес-процессов', 'как анализ больших данных повышает эффективность бизнеса примеры']",8,web_search,1,gemma-2-9b-it-Q8_0_L,2,0.7874587816061609
"['тренды развития аналитики больших данных 2023', 'будущее аналитики данных: прогнозы экспертов']",9,web_search,1,gemma-2-9b-it-Q8_0_L,2,0.7722225430728792
"['#ОбщественноеМнение #СоциальныеСети: как соцсети формируют нашу реальность?', 'Влияние социальных сетей на формирование мнений - дискуссия']",10,web_search,1,gemma-2-9b-it-Q8_0_L,2,0.720121361627662
"['будущее интернет рекламы тренды 2024 маркетологи', 'прогнозы развития интернет рекламы для рекламодателей']",11,web_search,1,gemma-2-9b-it-Q8_0_L,2,0.7388594863113963
"['методы развития критического мышления с упражнениями #критическоемышление #аналитика', 'как улучшить навыки анализа информации и принятия решений #решения #критическоемышление']",12,web_search,1,gemma-2-9b-it-Q8_0_L,2,0.9002455991358096
"['Экологические проблемы современности: решения и перспективы #экология #охранаприроды #зеленоебудущее', 'Как сохранить окружающую среду: практические советы и глобальные инициативы #экология #охранаприроды #зеленоебудущее']",13,web_search,1,gemma-2-9b-it-Q8_0_L,2,0.9379289723161415
"['техники медитации для снятия стресса', 'преимущества медитации для начинающих']",14,web_search,1,gemma-2-9b-it-Q8_0_L,2,0.8795847470963722
"['практические советы по организации времени', 'методы повышения продуктивности и организованности']",15,web_search,1,gemma-2-9b-it-Q8_0_L,2,0.6791041201431725
"['советы по здоровому питанию для начинающих #здоровоепитание #здоровье', 'как составить рацион питания для похудения #здоровоепитание #здоровье']",16,web_search,1,gemma-2-9b-it-Q8_0_L,2,0.9554608616919299
"['методы развития творческих способностей', 'упражнения для развития креативности']",17,web_search,1,gemma-2-9b-it-Q8_0_L,2,0.8002357951522017
"['психология цвета в дизайне', 'влияние цвета на восприятие информации для маркетологов']",18,web_search,1,gemma-2-9b-it-Q8_0_L,2,0.8647751642115644
"['как составить бюджет для молодых людей', 'простые инвестиции для начинающих: советы и рекомендации']",19,web_search,1,gemma-2-9b-it-Q8_0_L,2,0.7704247112122334
"['влияние музыки на настроение и работоспособность исследования', 'музыка для концентрации и мотивации хэштег саморазвитие']",20,web_search,1,gemma-2-9b-it-Q8_0_L,2,0.6934741780215566
"['методы развития эмоционального интеллекта', 'упражнения для повышения эмоционального интеллекта']",21,web_search,1,gemma-2-9b-it-Q8_0_L,2,0.910819214506189
"['влияние социальных сетей на психическое здоровье дискуссия', 'как соцсети влияют на настроение и самооценку?']",22,web_search,1,gemma-2-9b-it-Q8_0_L,2,0.7713801283631929
"['как бороться с эмоциональным выгоранием', 'симптомы и методы борьбы с выгоранием у взрослых']",23,web_search,1,gemma-2-9b-it-Q8_0_L,2,0.5736810629399594
"['как спорт влияет на мозг', 'лучшие виды спорта для памяти и концентрации']",24,web_search,1,gemma-2-9b-it-Q8_0_L,2,0.7488680785286425
"['как развить эмпатию практикой', 'улучшить коммуникации: советы по развитию эмпатии']",25,web_search,1,gemma-2-9b-it-Q8_0_L,2,0.6150707904442211
"['научные исследования влияние музыки на память', 'музыка для улучшения памяти и концентрации']",26,web_search,1,gemma-2-9b-it-Q8_0_L,2,0.746420088356224
"['советы по построению гармоничных отношений', 'как улучшить отношения с партнером']",27,web_search,1,gemma-2-9b-it-Q8_0_L,2,0.5865892946724787
"['как стресс влияет на организм', 'стресс и его последствия для здоровья']",28,web_search,1,gemma-2-9b-it-Q8_0_L,2,0.9044608450906011
"['методы развития креативности с упражнениями', '#креативность #мышление #решения как развить нестандартное мышление']",29,web_search,1,gemma-2-9b-it-Q8_0_L,2,0.7295936085994712
"['технологии в образовании: плюсы и минусы', 'будущее образования: как технологии меняют учебу']",30,web_search,1,gemma-2-9b-it-Q8_0_L,2,0.8758105929612477
"['визуальные методы борьбы со стрессом и тревогой', 'практические советы по снижению тревожности с иллюстрациями']",31,web_search,1,gemma-2-9b-it-Q8_0_L,2,0.810179422934694
"['влияние живописи на настроение', 'психология восприятия искусства']",32,web_search,1,gemma-2-9b-it-Q8_0_L,2,0.542120926206467
"['методы развития лидерских качеств', 'как развить лидерские качества для начинающих']",33,web_search,1,gemma-2-9b-it-Q8_0_L,2,0.8652980266395136
"['питание для улучшения памяти и концентрации', 'диета для мозга: исследования и рецепты']",34,web_search,1,gemma-2-9b-it-Q8_0_L,2,0.7189095196276105
"['практические советы по созданию эффективной команды', 'как мотивировать команду к достижению целей']",35,web_search,1,gemma-2-9b-it-Q8_0_L,2,0.7463577433943068
"['влияние загрязнения воздуха на здоровье', 'как окружающая среда влияет на психическое здоровье']",36,web_search,1,gemma-2-9b-it-Q8_0_L,2,0.5209020871306289
"['методы развития навыков общения', 'как улучшить коммуникативные навыки для всех']",37,web_search,1,gemma-2-9b-it-Q8_0_L,2,0.8624130607618661
"['как путешествия меняют человека', 'путешествия и самопознание: провокационные мысли']",38,web_search,1,gemma-2-9b-it-Q8_0_L,2,0.6947663533914462
"['практические методы развития самодисциплины', 'советы по повышению самодисциплины для достижения целей']",39,web_search,1,gemma-2-9b-it-Q8_0_L,2,0.8824759963606523
"['книги для расширения кругозора и вдохновения', 'топ 5-7 книг для саморазвития и поиска вдохновения']",0,web_search,2,gemma-2-9b-it-Q8_0_L,2,0.7701416241456543
"['сколько книг читать в год для саморазвития', 'как развить привычку читать и выбрать интересные книги']",1,web_search,2,gemma-2-9b-it-Q8_0_L,2,0.8127133296176128
"['топ 5 упражнений для утренней зарядки видео', 'эффективная утренняя зарядка фото и описание']",2,web_search,2,gemma-2-9b-it-Q8_0_L,2,0.752011254240079
"['история успеха известного спортсмена', 'как спортсмены преодолевают трудности и достигают вершины']",3,web_search,2,gemma-2-9b-it-Q8_0_L,2,0.6569191622238185
"['как правильно обрезать плодовые деревья весной', 'советы по весенней обрезке плодовых деревьев']",4,web_search,2,gemma-2-9b-it-Q8_0_L,2,0.563283051664043
"['Лучшие сорта томатов для Сибири открытого грунта', 'Томаты для Сибири: описание сортов с ранним и поздним созреванием']",5,web_search,2,gemma-2-9b-it-Q8_0_L,2,0.7700945382767649
"['как искусственный интеллект изменит политику в будущем', 'влияние AI на международные отношения: перспективы и риски']",6,web_search,2,gemma-2-9b-it-Q8_0_L,2,0.7678196866268483
"['Как молодые люди могут влиять на политику в России?', 'Возможности для молодежи в политической жизни страны: опрос']",7,web_search,2,gemma-2-9b-it-Q8_0_L,2,0.7116870729769587
"['кейсы применения big data для оптимизации бизнес-процессов', 'как анализ больших данных повышает эффективность бизнеса']",8,web_search,2,gemma-2-9b-it-Q8_0_L,2,0.7941194598768968
"['тренды развития аналитики больших данных 2023', 'будущее аналитики данных: ключевые вызовы и возможности']",9,web_search,2,gemma-2-9b-it-Q8_0_L,2,0.7678817949669701
"['Влияние социальных сетей на формирование общественного мнения: обсуждение', '#ОбщественноеМнение #СоциальныеСети #Медиа']",10,web_search,2,gemma-2-9b-it-Q8_0_L,2,0.6327798797380506
"['Тренды интернет-рекламы 2024-2025: прогнозы для маркетологов', 'Как изменится интернет-реклама в ближайшие 5 лет?']",11,web_search,2,gemma-2-9b-it-Q8_0_L,2,0.8361755517729589
"['методы развития критического мышления с упражнениями #критическоемышление #аналитика #решения', 'как улучшить навыки анализа информации и принятия решений #критическоемышление #аналитика #решения']",12,web_search,2,gemma-2-9b-it-Q8_0_L,2,0.942982805475675
"['Экологические проблемы современности: причины и решения', 'Как каждый может внести вклад в сохранение окружающей среды #экология #охранаприроды #зеленоебудущее']",13,web_search,2,gemma-2-9b-it-Q8_0_L,2,0.8936582597304009
"['техники медитации для снятия стресса', 'преимущества медитации для начинающих']",14,web_search,2,gemma-2-9b-it-Q8_0_L,2,0.8794626494590237
"['практические советы по организации рабочего времени', 'методы повышения продуктивности и организованности в повседневной жизни']",15,web_search,2,gemma-2-9b-it-Q8_0_L,2,0.7462508314675895
"['советы по здоровому питанию для начинающих', 'как составить рацион питания для похудения с помощью правильных продуктов']",16,web_search,2,gemma-2-9b-it-Q8_0_L,2,0.6213248568320086
"['методы развития творческих способностей', 'упражнения для повышения креативности']",17,web_search,2,gemma-2-9b-it-Q8_0_L,2,0.7997759884963409
"['психология цвета в дизайне', 'влияние цвета на восприятие информации в маркетинге: исследования и рекомендации']",18,web_search,2,gemma-2-9b-it-Q8_0_L,2,0.8665887704548546
"['как составить бюджет для начинающих', 'простые советы по инвестированию для молодых людей']",19,web_search,2,gemma-2-9b-it-Q8_0_L,2,0.7794316949965834
"['влияние музыки на настроение и работоспособность научные исследования', 'как музыка влияет на продуктивность и самочувствие #музыкадлямотивации #психологиязвука']",20,web_search,2,gemma-2-9b-it-Q8_0_L,2,0.7307134175302601
"['методы развития эмоционального интеллекта', 'упражнения для повышения эмоционального интеллекта']",21,web_search,2,gemma-2-9b-it-Q8_0_L,2,0.9110913293734932
"['влияние социальных сетей на психическое здоровье', 'как соцсети влияют на настроение и самооценку?']",22,web_search,2,gemma-2-9b-it-Q8_0_L,2,0.7307191874608918
"['как бороться с эмоциональным выгоранием', 'признаки и методы борьбы с выгоранием у взрослых']",23,web_search,2,gemma-2-9b-it-Q8_0_L,2,0.5693459193209165
"['как спорт влияет на работу мозга', 'какие виды спорта полезны для памяти и концентрации']",24,web_search,2,gemma-2-9b-it-Q8_0_L,2,0.7412673671489803
"['Как развить эмпатию для лучшего общения?', 'Практические упражнения для повышения эмпатии']",25,web_search,2,gemma-2-9b-it-Q8_0_L,2,0.6768166169580441
"['научные исследования влияние музыки на память', 'лучшая музыка для запоминания информации']",26,web_search,2,gemma-2-9b-it-Q8_0_L,2,0.7389326015013042
"['как построить гармоничные отношения', 'советы для укрепления отношений']",27,web_search,2,gemma-2-9b-it-Q8_0_L,2,0.553815289414763
"['как стресс влияет на организм', 'симптомы стресса и способы борьбы с ним']",28,web_search,2,gemma-2-9b-it-Q8_0_L,2,0.8623101955790099
"['методы развития креативности', 'упражнения для повышения креативного мышления']",29,web_search,2,gemma-2-9b-it-Q8_0_L,2,0.7137758420170807
"['как технологии меняют образование', 'положительное и отрицательное влияние цифровых технологий на образование']",30,web_search,2,gemma-2-9b-it-Q8_0_L,2,0.908773024986461
"['как бороться с тревогой и стрессом: визуальные методы', 'практические советы по снижению тревожности и управлению стрессом с иллюстрациями']",31,web_search,2,gemma-2-9b-it-Q8_0_L,2,0.782989608390323
"['как искусство влияет на эмоции', 'психологическое воздействие произведений искусства']",32,web_search,2,gemma-2-9b-it-Q8_0_L,2,0.5450494984510662
"['методы развития лидерских качеств', 'как развить лидерские качества для успешной карьеры']",33,web_search,2,gemma-2-9b-it-Q8_0_L,2,0.8907916459355403
"['питание для улучшения памяти и концентрации', 'как правильно питаться для поддержания когнитивных функций']",34,web_search,2,gemma-2-9b-it-Q8_0_L,2,0.7163833405932922
"['практические советы по созданию эффективной команды', 'как мотивировать команду к достижению целей']",35,web_search,2,gemma-2-9b-it-Q8_0_L,2,0.7468575077139323
"['влияние загрязнения воздуха на здоровье', 'как окружающая среда влияет на психическое здоровье']",36,web_search,2,gemma-2-9b-it-Q8_0_L,2,0.5210311511885146
"['методы развития навыков общения', 'как улучшить коммуникативные навыки']",37,web_search,2,gemma-2-9b-it-Q8_0_L,2,0.9218001863417569
"['как путешествия меняют человека', 'влияние путешествий на личность и саморазвитие']",38,web_search,2,gemma-2-9b-it-Q8_0_L,2,0.7000044519860013
"['практические методы развития самодисциплины', 'советы по повышению самодисциплины для достижения целей']",39,web_search,2,gemma-2-9b-it-Q8_0_L,2,0.8824759963606523
"['книги для расширения кругозора', 'книги для поиска вдохновения']",0,web_search,0,saiga-llama-3-q8_0,2,0.8855018066385161
"['книги для саморазвития', 'количество книг в год для интеллектуального роста']",1,web_search,0,saiga-llama-3-q8_0,2,0.836814248597511
"['Топ-5 упражнений для утренней зарядки видео', '#зарядка #утренняязарядка #здоровыйобразжизни #фитнес упражнения']",2,web_search,0,saiga-llama-3-q8_0,2,0.805933058606881
"['история успеха спортсмена преодоление трудностей достижение вершины', 'жизненный путь известного спортсмена преодоление препятствий мотивация для читателей']",3,web_search,0,saiga-llama-3-q8_0,2,0.8123774546542656
"['как правильно обрезать плодовые деревья весной', 'советы по уходу за садом в весенний период']",4,web_search,0,saiga-llama-3-q8_0,2,0.8378206795682956
"['сорт томатов для открытого грунта в Сибири', 'томаты для сибирского климата: лучшие сорта и особенности']",5,web_search,0,saiga-llama-3-q8_0,2,0.8040537376682793
"['искусственный интеллект и мировая политика', 'влияние искусственного интеллекта на международные отношения']",6,web_search,0,saiga-llama-3-q8_0,2,0.805314140792609
"['роль молодежи в политической жизни страны возможности и перспективы', 'молодые люди 18-30 лет роль в политике интерактивные форматы опросы вопросы к подписчикам']",7,web_search,0,saiga-llama-3-q8_0,2,0.8190130543325763
"['анализ больших данных для оптимизации бизнес-процессов', 'примеры использования анализа данных для повышения эффективности бизнеса']",8,web_search,0,saiga-llama-3-q8_0,2,0.8572163602143259
"['аналитика больших данных', 'развитие аналитики данных']",9,web_search,0,saiga-llama-3-q8_0,2,0.8717083572908058
"['влияние социальных сетей на формирование общественного мнения', '#социальные_сети #медиа #общественное_мнение']",10,web_search,0,saiga-llama-3-q8_0,2,0.8617822438275772
"['интернет реклама тренды прогнозы', 'будущее интернет рекламы маркетологи']",11,web_search,0,saiga-llama-3-q8_0,2,0.801191589390094
,12,web_search,0,saiga-llama-3-q8_0,0,0.0
"['#экология #охранаприроды #зеленоебудущее', 'решение экологических проблем современного мира']",13,web_search,0,saiga-llama-3-q8_0,2,0.8041341640894782
"['techniques of meditation for stress relief', 'benefits and methods of meditation']",14,web_search,0,saiga-llama-3-q8_0,2,0.27838461660493397
"['методы повышения продуктивности', 'практические советы по организации времени и пространства']",15,web_search,0,saiga-llama-3-q8_0,2,0.875052023578973
"['healthy eating tips #здоровое питание #здоровье', 'product recommendations for a balanced diet #здоровое питание #рацион']",16,web_search,0,saiga-llama-3-q8_0,2,0.6826019046292692
"['развитие творческих способностей методы упражнения', '#творчество #развитие #творческийпотенциал']",17,web_search,0,saiga-llama-3-q8_0,2,0.808211512440214
"['психология цвета', 'влияние цвета на восприятие информации']",18,web_search,0,saiga-llama-3-q8_0,2,0.8888850927420162
"['управление личными финансами для начинающих', 'практические советы по составлению бюджета, инвестированию и накоплению сбережений']",19,web_search,0,saiga-llama-3-q8_0,2,0.9001854014711319
"['влияние музыки на настроение и работоспособность', 'музыка для саморазвития и улучшения качества жизни']",20,web_search,0,saiga-llama-3-q8_0,2,0.8624656248480472
"['развитие эмоционального интеллекта', 'методы и упражнения для повышения эмоционального интеллекта']",21,web_search,0,saiga-llama-3-q8_0,2,0.9162670269945083
"['влияние социальных сетей на психическое здоровье', 'психологическое воздействие соцсетей на людей']",22,web_search,0,saiga-llama-3-q8_0,2,0.8273037845940342
"['методы борьбы с эмоциональным выгоранием', 'средства для восстановления мотивации и энергии']",23,web_search,0,saiga-llama-3-q8_0,2,0.8499550884757869
"['влияние спорта на здоровье мозга', 'спорт и когнитивные функции']",24,web_search,0,saiga-llama-3-q8_0,2,0.9181118406256962
"['развитие эмпатии для улучшения коммуникативных навыков', 'практические методы развития эмпатии для лучшего понимания других людей']",25,web_search,0,saiga-llama-3-q8_0,2,0.8586872734728239
"['влияние музыки на память', 'как слушать музыку для улучшения памяти']",26,web_search,0,saiga-llama-3-q8_0,2,0.8558244021873115
"['советы по созданию гармоничных отношений', 'как построить крепкие и здоровые отношения']",27,web_search,0,saiga-llama-3-q8_0,2,0.832343435553379
"['влияние стресса на организм человека', 'стресс и его влияние на физическое и психическое здоровье']",28,web_search,0,saiga-llama-3-q8_0,2,0.8697898867805851
"['развитие креативности методы и упражнения', '#креативность #мышление #решения']",29,web_search,0,saiga-llama-3-q8_0,2,0.7056784039594166
"['влияние технологий на образование', 'роль технологий в развитии образования']",30,web_search,0,saiga-llama-3-q8_0,2,0.7910102452414773
"['стратегии борьбы с тревогой и стрессом для всех возрастов', 'практические советы по снижению тревоги и управления стрессом: иллюстрации, инфографики']",31,web_search,0,saiga-llama-3-q8_0,2,0.8284759800190165
"['влияние искусства на эмоциональное состояние', 'искусство и психология: влияние на эмоциональное состояние человека']",32,web_search,0,saiga-llama-3-q8_0,2,0.8925490725639009
"['развитие лидерских качеств для начинающих', 'методы развития лидерских качеств и их применение в повседневной жизни']",33,web_search,0,saiga-llama-3-q8_0,2,0.8435229462302293
"['питание влияние на когнитивные функции', 'результаты исследований о питании для улучшения памяти и концентрации']",34,web_search,0,saiga-llama-3-q8_0,2,0.868696329502876
"['командный менеджмент эффективные команды', 'практические советы по формированию и управлению командой']",35,web_search,0,saiga-llama-3-q8_0,2,0.8285534931394116
"['влияние окружающей среды на здоровье человека', 'роль экологии в развитии психического здоровья']",36,web_search,0,saiga-llama-3-q8_0,2,0.8343674871292196
"['развитие навыков общения для всех', 'методы улучшения коммуникативных навыков']",37,web_search,0,saiga-llama-3-q8_0,2,0.789473794325975
"['путешествия влияние на личность', 'как путешествия изменяют человека']",38,web_search,0,saiga-llama-3-q8_0,2,0.8604134592908939
"['развитие самодисциплины для достижения целей', 'практические советы по развитии самодисциплины']",39,web_search,0,saiga-llama-3-q8_0,2,0.8683708108697459
"['книги для расширения кругозора', 'книги для поиска вдохновения']",0,web_search,1,saiga-llama-3-q8_0,2,0.8858885023967984
"['книги для саморазвития', 'количество книг для чтения в год']",1,web_search,1,saiga-llama-3-q8_0,2,0.8324218345649375
"['Топ-5 упражнений для утренней зарядки видео', '#зарядка #утренняязарядка #здоровыйобразжизни #фитнес упражнения']",2,web_search,1,saiga-llama-3-q8_0,2,0.8054570105500946
"['история успеха спортсмена: преодоление трудностей', 'спортсмены, преодолевшие трудности в жизни']",3,web_search,1,saiga-llama-3-q8_0,2,0.8724816581014998
"['как правильно обрезать плодовые деревья весной', 'советы по уходу за садом в весенний период']",4,web_search,1,saiga-llama-3-q8_0,2,0.8375818574520099
"['сорт томатов для открытого грунта в Сибири', 'томаты для сибирского климата: лучшие сорта для открытого грунта']",5,web_search,1,saiga-llama-3-q8_0,2,0.8526913784604371
,6,web_search,1,saiga-llama-3-q8_0,0,0.0
"['роль молодежи в политической жизни страны', 'молодые люди и политика: возможности и перспективы']",7,web_search,1,saiga-llama-3-q8_0,2,0.8314993601195161
"['анализ больших данных для оптимизации бизнес-процессов', 'кейсы использования анализа данных для повышения эффективности бизнеса']",8,web_search,1,saiga-llama-3-q8_0,2,0.8601035038772729
"['аналитика больших данных', 'развитие аналитики данных']",9,web_search,1,saiga-llama-3-q8_0,2,0.8714566930918729
"['Влияние социальных сетей на формирование общественного мнения: обсуждение и дискуссии', '#Социальные_сети #Медиа #Общество #Общественное_мнение']",10,web_search,1,saiga-llama-3-q8_0,2,0.8411365244870606
"['интернет реклама прогнозы', 'будущее тенденции в интернет маркетинге']",11,web_search,1,saiga-llama-3-q8_0,2,0.8198130660336208
"['развитие критического мышления методы упражнения', '#критическое_мышление #аналитика #решения']",12,web_search,1,saiga-llama-3-q8_0,2,0.797998040637071
"['Экологические проблемы современного мира #экология #охранаприроды', 'Решение экологических проблем в будущем #зеленоебудущее']",13,web_search,1,saiga-llama-3-q8_0,2,0.8092023909089634
"['медитация для снижения стресса', 'техники медитации для расслабления']",14,web_search,1,saiga-llama-3-q8_0,2,0.8614096384079251
"['Методы повышения продуктивности', 'Практические советы по организации времени и пространства']",15,web_search,1,saiga-llama-3-q8_0,2,0.8627814870034618
"['Советы по здоровому питанию #здоровое питание #здоровье', 'Выбор продуктов для здорового рациона #здоровое питание #здоровье']",16,web_search,1,saiga-llama-3-q8_0,2,0.7602194254017869
"['методы и упражнения для развития творческих способностей #творчество #развитие #творческийпотенциал', 'как развить свой творческий потенциал #творчество #развитие']",17,web_search,1,saiga-llama-3-q8_0,2,0.7237292185363812
"['психология цвета для дизайнеров', 'влияние цвета на восприятие информации в маркетинге']",18,web_search,1,saiga-llama-3-q8_0,2,0.8556871020591628
"['практические советы по управлению личными финансами', 'инвестиции для начинающих: как начать с нуля']",19,web_search,1,saiga-llama-3-q8_0,2,0.8841219240344886
"['Музыка настроение и работоспособность', 'Влияние музыки на психологическое состояние']",20,web_search,1,saiga-llama-3-q8_0,2,0.810252448853843
"['развитие эмоционального интеллекта методы', 'упражнения для развития эмоционального интеллекта']",21,web_search,1,saiga-llama-3-q8_0,2,0.8789687007469761
"['влияние социальных сетей на психическое здоровье', 'психологическое воздействие соцсетей на людей']",22,web_search,1,saiga-llama-3-q8_0,2,0.8271268734573107
"['методы борьбы с эмоциональным выгоранием', 'средства для восстановления мотивации']",23,web_search,1,saiga-llama-3-q8_0,2,0.8551836421955563
,24,web_search,1,saiga-llama-3-q8_0,0,0.0
"['развитие эмпатии для улучшения коммуникативных навыков', 'практические методы развития эмпатии для лучшего понимания других людей']",25,web_search,1,saiga-llama-3-q8_0,2,0.8588132981169909
"['влияние музыки на память', 'как слушать музыку для улучшения памяти']",26,web_search,1,saiga-llama-3-q8_0,2,0.8554339393354928
"['советы по созданию гармоничных отношений', 'как построить крепкие и здоровые отношения']",27,web_search,1,saiga-llama-3-q8_0,2,0.8320992916931914
"['влияние стресса на организм человека', 'стресс и его влияние на физическое и психическое здоровье']",28,web_search,1,saiga-llama-3-q8_0,2,0.8699097482544741
"['развитие креативности методы и упражнения', '#креативность #мышление #решения']",29,web_search,1,saiga-llama-3-q8_0,2,0.7055077345915346
"['Влияние технологий на качество образования', 'Технологии в образовании: доступность и эффективность']",30,web_search,1,saiga-llama-3-q8_0,2,0.7745879506725742
"['Методы борьбы с тревогой и стрессом для всех возрастов', 'Иллюстрации и инфографики по снижению тревоги и управлению стрессом']",31,web_search,1,saiga-llama-3-q8_0,2,0.843606948661189
"['влияние искусства на эмоциональное состояние', 'роль искусства в формировании эмоционального состояния']",32,web_search,1,saiga-llama-3-q8_0,2,0.9068795646648408
"['развитие лидерских качеств для начинающих', 'методы развития лидерских качеств и их применение']",33,web_search,1,saiga-llama-3-q8_0,2,0.8510101057179597
"['питание для улучшения памяти и концентрации', 'как питаться для поддержания когнитивных функций']",34,web_search,1,saiga-llama-3-q8_0,2,0.8938490730461363
"['как создать эффективную команду для работы', 'практические советы по формированию и управлению командой']",35,web_search,1,saiga-llama-3-q8_0,2,0.8531926285910902
"['влияние окружающей среды на здоровье человека', 'роль экологии в поддержании физического и психического здоровья']",36,web_search,1,saiga-llama-3-q8_0,2,0.8290469825919324
"['развитие навыков общения для всех', 'методы развития навыков общения']",37,web_search,1,saiga-llama-3-q8_0,2,0.7953988632336559
"['Влияние путешествий на личность: как они меняют нас', 'Путешествия и саморазвитие: как они влияют на нашу личность']",38,web_search,1,saiga-llama-3-q8_0,2,0.8579610454322721
"['развитие самодисциплины для достижения целей', 'практические советы по развитии самодисциплины']",39,web_search,1,saiga-llama-3-q8_0,2,0.8681877513721371
"['Книги для расширения кругозора и поиска вдохновения', 'Литература для саморазвития и поиска вдохновения']",0,web_search,2,saiga-llama-3-q8_0,2,0.8852493666986837
"['книжный дневник для саморазвития', 'количество книг, которые нужно читать в год для интеллектуального роста']",1,web_search,2,saiga-llama-3-q8_0,2,0.8396073086274335
"['Упражнения для утренней зарядки: видео', 'Топ-5 упражнений для утренней зарядки с фото']",2,web_search,2,saiga-llama-3-q8_0,2,0.770277012440451
"['Как преодолевать трудности в спорте: история успеха известного спортсмена', 'Уроки мотивации из истории успешных спортсменов: как преодолеть препятствия и достичь вершины']",3,web_search,2,saiga-llama-3-q8_0,2,0.7833718496664681
"['Как правильно обрезать плодовые деревья весной', 'Советы по обрезке плодовых деревьев весной для садоводов']",4,web_search,2,saiga-llama-3-q8_0,2,0.8327765214845894
"['Лучшие сорта томатов для открытого грунта в Сибири', 'Сорта томатов для выращивания на открытом грунте в Сибири']",5,web_search,2,saiga-llama-3-q8_0,2,0.8255779368628067
"['Искусственный интеллект и мировая политика', 'Влияние технологий на международные отношения']",6,web_search,2,saiga-llama-3-q8_0,2,0.8103598536581156
"['Роль молодежи в политической жизни страны: возможности и перспективы', 'Молодые люди 18-30 лет: участие в политических процессах, интерактивные форматы']",7,web_search,2,saiga-llama-3-q8_0,2,0.8286560172888471
"['Как использовать анализ больших данных для улучшения бизнес-процессов?', 'Применение анализа больших данных для оптимизации бизнес-операций: успешные кейсы и стратегии']",8,web_search,2,saiga-llama-3-q8_0,2,0.797369089864936
"['Аналитика больших данных: перспективы развития', 'Тенденции в области аналитики данных']",9,web_search,2,saiga-llama-3-q8_0,2,0.8865245957261445
"['Как влияют социальные сети на формирование общественного мнения?', 'Влияние социальных сетей на формирование общественного мнения: как это работает?']",10,web_search,2,saiga-llama-3-q8_0,2,0.7409292740072242
"['Тренды и прогнозы в интернет-рекламе', 'Как развивается интернет-реклама в ближайшем будущем']",11,web_search,2,saiga-llama-3-q8_0,2,0.8329505925649419
"['Методы развития критического мышления для анализа информации и принятия решений', '#критическоемышление #аналитика #решения: упражнения для улучшения навыков']",12,web_search,2,saiga-llama-3-q8_0,2,0.8104613281743871
"['Экологические проблемы современного мира: причины и решения', '#экология #охранаприроды #зеленоебудущее: как мы можем помочь сохранить нашу планету']",13,web_search,2,saiga-llama-3-q8_0,2,0.8498869015016692
"['Техники медитации для снижения стресса', 'Преимущества практики медитации для улучшения психического здоровья']",14,web_search,2,saiga-llama-3-q8_0,2,0.8258197518477353
"['Как повысить продуктивность и организованность в работе?', 'Советы по эффективному планированию времени и пространства для улучшения продуктивности']",15,web_search,2,saiga-llama-3-q8_0,2,0.7897823342134775
"['Советы по здоровому питанию для начинающих', '#здоровое питание #здоровье: как составить рацион']",16,web_search,2,saiga-llama-3-q8_0,2,0.7907183960362524
"['Методы и упражнения для развития творческих способностей', 'Как развить свой творческий потенциал с помощью хэштегг #творчество #развитие #творческийпотенциал']",17,web_search,2,saiga-llama-3-q8_0,2,0.8536044925424218
"['Как цвет влияет на восприятие информации', 'Использование цвета в дизайне: исследования и рекомендации']",18,web_search,2,saiga-llama-3-q8_0,2,0.8925354891970425
"['Как составить бюджет для личных финансов?', 'Как начать инвестировать и накапливать сбережения?']",19,web_search,2,saiga-llama-3-q8_0,2,0.8078136651476286
"['Как влияет музыка на настроение и работоспособность?', 'Рекомендации по выбору музыки для улучшения саморазвития и качества жизни']",20,web_search,2,saiga-llama-3-q8_0,2,0.8254057172459892
"['Как развивать эмоциональный интеллект?', 'Методы и упражнения для улучшения эмоционального интеллекта']",21,web_search,2,saiga-llama-3-q8_0,2,0.8626889190717868
"['Влияние социальных сетей на психическое здоровье', 'Как социальные сети влияют на психическое здоровье']",22,web_search,2,saiga-llama-3-q8_0,2,0.8623430378483823
"['Способы борьбы с эмоциональным выгоранием', 'Методы управления стрессом на работе']",23,web_search,2,saiga-llama-3-q8_0,2,0.8405745751379587
"['Какие виды спорта улучшают работу мозга?', 'Влияет ли регулярное участие в спорте на улучшение памяти и концентрации?']",24,web_search,2,saiga-llama-3-q8_0,2,0.7119960601149783
"['Как развивать эмпатию для лучшего общения', 'Практические советы по развитию эмпатии']",25,web_search,2,saiga-llama-3-q8_0,2,0.8501997684216788
"['Как музыка влияет на память и как она может улучшить когнитивные функции?', 'Существуют ли научные исследования о том, как музыка влияет на память человека?']",26,web_search,2,saiga-llama-3-q8_0,2,0.7681234602873299
"['Советы для укрепления гармоничных отношений', 'Как создать здоровые и крепкие отношения']",27,web_search,2,saiga-llama-3-q8_0,2,0.8211891947732173
"['Как стресс влияет на организм человека', 'Влияние стресса на физическое и психическое здоровье']",28,web_search,2,saiga-llama-3-q8_0,2,0.865942259195394
"['Методы развития креативности', 'Упражнения для мыслительного процесса']",29,web_search,2,saiga-llama-3-q8_0,2,0.7955265090630405
"['Какие технологии используются для улучшения качества образования?', 'Влияет ли использование технологий на доступность образования?']",30,web_search,2,saiga-llama-3-q8_0,2,0.6475210622953667
"['Методы борьбы с тревогой и стрессом для людей всех возрастов', 'Практические советы по снижению тревоги и управлению стрессом: визуальный контент']",31,web_search,2,saiga-llama-3-q8_0,2,0.8281234727821054
"['Как влияет искусство на эмоциональное состояние человека?', 'Влияние искусства на психологическое здоровье']",32,web_search,2,saiga-llama-3-q8_0,2,0.7654109420849824
"['Как развивать лидерские качества?', 'Методы развития лидерских качеств для успешного руководства']",33,web_search,2,saiga-llama-3-q8_0,2,0.7684442882675926
"['Какое питание улучшает память и концентрацию?', 'Рекомендации по диете для поддержания когнитивных функций']",34,web_search,2,saiga-llama-3-q8_0,2,0.7973781567314586
"['Как создать эффективную команду для работы', 'Практические советы по формированию и управлению командой']",35,web_search,2,saiga-llama-3-q8_0,2,0.8554794093257818
"['Как влияет окружающая среда на здоровье человека?', 'Влияние воздействия окружающей среды на физическое и психическое здоровье']",36,web_search,2,saiga-llama-3-q8_0,2,0.7461493979809857
"['Как развивать навыки общения?', 'Методы для улучшения навыков общения']",37,web_search,2,saiga-llama-3-q8_0,2,0.7999227910532566
"['Какие изменения происходят в личности после путешествий?', 'Влияет ли путешествие на формирование личности человека?']",38,web_search,2,saiga-llama-3-q8_0,2,0.7143484186946776
"['Как развивать самодисциплину для достижения своих целей?', 'Практические советы по развитии самодисциплины и повышению эффективности']",39,web_search,2,saiga-llama-3-q8_0,2,0.8104022699011095
"['книги для расширения кругозора и поиска вдохновения', 'литература для саморазвития и поиска вдохновения']",0,web_search,0,suzume-llama-3-8b-Q8_0,2,0.7895358176826157
"['количество книг для чтения в год', 'советы по чтению для саморазвития']",1,web_search,0,suzume-llama-3-8b-Q8_0,2,0.7282239761351101
"['Топ-5 упражнений для утренней зарядки с видео', 'Фото и видео упражнений для здорового образа жизни #зарядка #утренняязарядка #здоровыйобразжизни #фитнес']",2,web_search,0,suzume-llama-3-8b-Q8_0,2,0.7271057547606601
"['жизнь известного спортсмена: преодоление трудностей', 'спортивные истории успеха: уроки жизни']",3,web_search,0,suzume-llama-3-8b-Q8_0,2,0.8295911416940847
"['как правильно обрезать плодовые деревья весной', 'советы по обрезке плодовых деревьев весной для садоводов']",4,web_search,0,suzume-llama-3-8b-Q8_0,2,0.7975786315318638
"['Лучшие сорта томатов для открытого грунта в Сибири', 'Сорты томатов для выращивания в открытом грунте в Сибири']",5,web_search,0,suzume-llama-3-8b-Q8_0,2,0.7413130958730794
"['Искусственный интеллект и мировая политика: будущее', 'Как искусственный интеллект изменит политику мира']",6,web_search,0,suzume-llama-3-8b-Q8_0,2,0.7747709847634565
"['роль молодежи в политической жизни страны', 'молодые люди и политика: возможности и перспективы']",7,web_search,0,suzume-llama-3-8b-Q8_0,2,0.8354105032389197
"['Применение анализа больших данных для оптимизации бизнес-процессов', 'Опыт использования анализа данных для повышения эффективности бизнеса']",8,web_search,0,suzume-llama-3-8b-Q8_0,2,0.7874412869043839
"['аналитика больших данных: будущее и тенденции', 'развитие аналитики данных: ключевые направления для IT-специалистов']",9,web_search,0,suzume-llama-3-8b-Q8_0,2,0.8770576748992698
"['влияние социальных сетей на формирование общественного мнения', 'как социальные сети влияют на общественное мнение']",10,web_search,0,suzume-llama-3-8b-Q8_0,2,0.8390014107722397
"['будущее интернет рекламы тренды прогнозы для маркетологов', 'интернет реклама 2023: что ждет маркетологов и рекламодателей']",11,web_search,0,suzume-llama-3-8b-Q8_0,2,0.8923114425187468
"['методы развития критического мышления для анализа информации и принятия решений', '#критическоемышление #аналитика #решения упражнения']",12,web_search,0,suzume-llama-3-8b-Q8_0,2,0.766976350828616
"['#экология #охранаприроды #зеленоебудущее', 'Экологические проблемы современного мира: причины, последствия и пути решения']",13,web_search,0,suzume-llama-3-8b-Q8_0,2,0.8124933063067079
"['techniques of meditation for stress relief', 'benefits and techniques of meditation']",14,web_search,0,suzume-llama-3-8b-Q8_0,2,0.3712209027844652
"['практики повышения продуктивности', 'советы по управлению временем и пространством']",15,web_search,0,suzume-llama-3-8b-Q8_0,2,0.5631752862494198
"['соблюдение здорового питания для улучшения образа жизни', 'советы по составлению рациона с использованием хэштегов #здоровоепитание #здоровье']",16,web_search,0,suzume-llama-3-8b-Q8_0,2,0.719474080808007
"['методы развития творческих способностей', '#творчество #развитие #творческийпотенциал упражнения']",17,web_search,0,suzume-llama-3-8b-Q8_0,2,0.8530213708253869
"['психология цвета для дизайнеров', 'как цвета влияют на восприятие информации']",18,web_search,0,suzume-llama-3-8b-Q8_0,2,0.7592768392908473
"['практические советы по управлению личными финансами', 'инвестиции для начинающих: как начать с нуля']",19,web_search,0,suzume-llama-3-8b-Q8_0,2,0.7598434078417522
"['Влияние музыки на настроение и работоспособность', 'Как музыка влияет на психологическое состояние: исследования и рекомендации']",20,web_search,0,suzume-llama-3-8b-Q8_0,2,0.7633147596629305
"['методы развития эмоционального интеллекта', 'упражнения на повышение эмоционального интеллекта']",21,web_search,0,suzume-llama-3-8b-Q8_0,2,0.7543562004841673
"['влияние социальных сетей на психическое здоровье', 'психологическое воздействие социальных сетей на пользователей']",22,web_search,0,suzume-llama-3-8b-Q8_0,2,0.8348070563969576
"['методы борьбы с эмоциональным выгоранием', 'преодоление усталости и потерю интереса к работе или учебе']",23,web_search,0,suzume-llama-3-8b-Q8_0,2,0.7296849336602228
"['польза спорта для здоровья мозга', 'какие виды спорта улучшают когнитивные функции']",24,web_search,0,suzume-llama-3-8b-Q8_0,2,0.8912949876047785
"['практики для улучшения эмпатии', 'как развить способность понимать других']",25,web_search,0,suzume-llama-3-8b-Q8_0,2,0.8111342419111927
"['влияние музыки на память', 'какая музыка помогает улучшить память']",26,web_search,0,suzume-llama-3-8b-Q8_0,2,0.8345682565950926
"['советы по созданию гармоничных отношений', 'как построить крепкие и здоровые отношения']",27,web_search,0,suzume-llama-3-8b-Q8_0,2,0.7761517092931911
"['влияние стресса на организм', 'стресс и его влияние на физическое и психическое здоровье']",28,web_search,0,suzume-llama-3-8b-Q8_0,2,0.7188485950648759
"['методы развития креативности', '#креативность #мышление #решения упражнения']",29,web_search,0,suzume-llama-3-8b-Q8_0,2,0.8551361427998287
"['влияние технологий на качество образования', 'какие технологии улучшают доступность образования']",30,web_search,0,suzume-llama-3-8b-Q8_0,2,0.830617050260481
"['методы борьбы с тревогой и стрессом для людей всех возрастов', 'практические советы по снижению тревоги и управлению стрессом с использованием визуального контента']",31,web_search,0,suzume-llama-3-8b-Q8_0,2,0.8080782695656177
"['влияние искусства на эмоциональное состояние', 'психологическое воздействие искусства']",32,web_search,0,suzume-llama-3-8b-Q8_0,2,0.784060722966398
"['методы развития лидерских качеств', 'как развить лидерские качества']",33,web_search,0,suzume-llama-3-8b-Q8_0,2,0.7414405616716031
"['питание для улучшения памяти и концентрации', 'какие продукты улучшают когнитивные функции']",34,web_search,0,suzume-llama-3-8b-Q8_0,2,0.7544989497758919
"['практические советы по формированию эффективных команд', 'как создать успешную команду для работы']",35,web_search,0,suzume-llama-3-8b-Q8_0,2,0.7034789493732234
"['влияние окружающей среды на здоровье человека', 'как окружающая среда влияет на физическое и психическое здоровье']",36,web_search,0,suzume-llama-3-8b-Q8_0,2,0.6947759685236021
"['методы развития навыков общения', 'советы по улучшению коммуникативных навыков']",37,web_search,0,suzume-llama-3-8b-Q8_0,2,0.9232561413925211
"['Как путешествия влияют на личность', 'Путешествия как инструмент саморазвития']",38,web_search,0,suzume-llama-3-8b-Q8_0,2,0.8572628026817428
"['практики для развития самодисциплины', 'советы по повышению самодисциплины']",39,web_search,0,suzume-llama-3-8b-Q8_0,2,0.8831717117087899
"['Книги для расширения кругозора и поиска вдохновения', 'Литература для саморазвития и поиска вдохновения']",0,web_search,1,suzume-llama-3-8b-Q8_0,2,0.7765421236212754
"['количество книг для чтения в год для саморазвития', 'советы по чтению для интеллектуального роста']",1,web_search,1,suzume-llama-3-8b-Q8_0,2,0.7339055908778427
"['Топ-5 упражнений для утренней зарядки с видео', 'Фотографии упражнений для утренней зарядки #зарядка #утренняязарядка #здоровыйобразжизни #фитнес']",2,web_search,1,suzume-llama-3-8b-Q8_0,2,0.7376073652781321
"['жизнь известного спортсмена: преодоление трудностей', 'спортивные достижения через преодоление препятствий']",3,web_search,1,suzume-llama-3-8b-Q8_0,2,0.8409203261032026
"['Как правильно обрезать плодовые деревья весной для садоводов', 'Советы по обрезке плодовых деревьев весной для огородников']",4,web_search,1,suzume-llama-3-8b-Q8_0,2,0.7879217414750768
"['Лучшие сорта томатов для открытого грунта в Сибири', 'Сорты томатов для выращивания в открытом грунте в Сибири: рекомендации']",5,web_search,1,suzume-llama-3-8b-Q8_0,2,0.7320493892788954
"['Искусственный интеллект и мировая политика: будущее и вызовы', 'Как искусственный интеллект изменит мир политики? Анализ перспектив']",6,web_search,1,suzume-llama-3-8b-Q8_0,2,0.8180627871401235
"['Молодёжная политика в России: возможности и перспективы', 'Как молодые люди могут влиять на политическую жизнь страны через интерактивные форматы']",7,web_search,1,suzume-llama-3-8b-Q8_0,2,0.8157802455361273
"['Применение анализа больших данных для повышения эффективности бизнес-процессов', 'Оптимизация бизнес-операций с помощью анализа больших данных: успешные кейсы и примеры']",8,web_search,1,suzume-llama-3-8b-Q8_0,2,0.769054701812097
"['Тенденции в области аналитики больших данных для специалистов', 'Развитие аналитики данных: обсуждение тенденций и перспектив']",9,web_search,1,suzume-llama-3-8b-Q8_0,2,0.8268316728678353
"['Влияние социальных сетей на формирование общественного мнения: обсуждение и дискуссии', 'Как социальные сети формируют общественное мнение? Роль обсуждений, комментариев и хэштегов']",10,web_search,1,suzume-llama-3-8b-Q8_0,2,0.851462901241774
"['интернет реклама будущее тренды маркетологи', 'прогнозы по развитию интернет рекламы для рекламодателей']",11,web_search,1,suzume-llama-3-8b-Q8_0,2,0.8221615402950619
"['Методы и упражнения для развития критического мышления #критическоемышление #аналитика #решения', 'Как улучшить навыки анализа информации и принятия решений с помощью критического мышления #критическоемышление #аналитика #решения']",12,web_search,1,suzume-llama-3-8b-Q8_0,2,0.6898602575852009
"['#экология #охранаприроды #зеленоебудущее: проблемы и решения', 'Какие экологические проблемы современного мира и как их можно решить?']",13,web_search,1,suzume-llama-3-8b-Q8_0,2,0.8051569317545376
"['Техники медитации для снижения стресса', 'Преимущества медитации для улучшения самочувствия']",14,web_search,1,suzume-llama-3-8b-Q8_0,2,0.704772665486121
"['практики повышения продуктивности', 'советы по управлению временем и пространством']",15,web_search,1,suzume-llama-3-8b-Q8_0,2,0.5637682886227846
"['Советы по здоровому питанию для улучшения образа жизни', '#здоровоепитание #здоровье: Как составить рацион на неделю']",16,web_search,1,suzume-llama-3-8b-Q8_0,2,0.7953174311791704
"['методы и упражнения для развития творческих способностей #творчество #развитие #творческийпотенциал', 'как развить свой творческий потенциал с помощью методов и упражнений #творчество #развитие #творческийпотенциал']",17,web_search,1,suzume-llama-3-8b-Q8_0,2,0.8461693919721576
"['психология цвета для дизайнеров', 'как цвета влияют на восприятие информации: исследования и рекомендации']",18,web_search,1,suzume-llama-3-8b-Q8_0,2,0.7775952733304148
"['практические советы по управлению личными финансами для взрослых', 'инвестиции и накопление сбережений: советы для начинающих']",19,web_search,1,suzume-llama-3-8b-Q8_0,2,0.7114090386214176
"['Как музыка влияет на настроение и работоспособность? Рекомендации по выбору музыки для улучшения качества жизни', 'Влияние музыки на психологическое состояние: исследования, рекомендации и хэштеги для саморазвития']",20,web_search,1,suzume-llama-3-8b-Q8_0,2,0.8051616004669541
"['методы развития эмоционального интеллекта', 'упражнения на повышение эмоционального интеллекта']",21,web_search,1,suzume-llama-3-8b-Q8_0,2,0.7544720294516918
"['Как социальные сети влияют на психическое здоровье', 'Влияние открытых диалогов в социальных сетях на психологическое благополучие']",22,web_search,1,suzume-llama-3-8b-Q8_0,2,0.806139470087926
"['Методы борьбы с эмоциональным выгоранием для взрослых', 'Как справиться с усталостью и потерей интереса к работе или учебе']",23,web_search,1,suzume-llama-3-8b-Q8_0,2,0.7388759649824554
"['Какие виды спорта улучшают работу мозга?', 'Польза спорта для здоровья мозга: примеры и исследования']",24,web_search,1,suzume-llama-3-8b-Q8_0,2,0.8051636231149066
"['Как развить эмпатию для улучшения коммуникативных навыков', 'Практические методы развития эмпатии для лучшего понимания других']",25,web_search,1,suzume-llama-3-8b-Q8_0,2,0.8012994185778926
"['научные исследования о влиянии музыки на память', 'какая музыка помогает улучшить запоминание']",26,web_search,1,suzume-llama-3-8b-Q8_0,2,0.8847943487476773
"['советы по созданию гармоничных отношений', 'как построить крепкие и здоровые отношения']",27,web_search,1,suzume-llama-3-8b-Q8_0,2,0.7759998604777116
"['Влияние стресса на организм человека', 'Как стресс влияет на физическое и психическое здоровье']",28,web_search,1,suzume-llama-3-8b-Q8_0,2,0.7253224326718632
"['Методы развития креативности для мыслителей', '#креативность #мышление #решения упражнения']",29,web_search,1,suzume-llama-3-8b-Q8_0,2,0.8308012313369287
"['Влияние технологий на качество образования', 'Технологии в образовании: доступность и эффективность']",30,web_search,1,suzume-llama-3-8b-Q8_0,2,0.8373574569679999
"['Методы борьбы с тревогой и стрессом для людей всех возрастов', 'Практические советы по снижению тревоги и управлению стрессом с использованием визуального контента']",31,web_search,1,suzume-llama-3-8b-Q8_0,2,0.80308337989906
"['Как искусство влияет на эмоциональное состояние человека', 'Влияние искусства на психологическое благополучие']",32,web_search,1,suzume-llama-3-8b-Q8_0,2,0.8144051652232334
"['методы развития лидерских качеств', 'как развить лидерские качества']",33,web_search,1,suzume-llama-3-8b-Q8_0,2,0.7401583406035034
"['Какие продукты улучшают память и концентрацию?', 'Питание для улучшения когнитивных функций: исследования и рекомендации']",34,web_search,1,suzume-llama-3-8b-Q8_0,2,0.7711406606877926
"['практические советы по формированию эффективных команд', 'как создать успешную команду для командной работы']",35,web_search,1,suzume-llama-3-8b-Q8_0,2,0.7488970538559623
"['Влияние загрязнения окружающей среды на здоровье человека', 'Как изменение климата влияет на психическое здоровье']",36,web_search,1,suzume-llama-3-8b-Q8_0,2,0.686850003406849
"['методы развития навыков общения', 'советы по улучшению коммуникативных навыков']",37,web_search,1,suzume-llama-3-8b-Q8_0,2,0.9230759485687098
"['Как путешествия влияют на личность', 'Путешествия: изменяют ли они нас?']",38,web_search,1,suzume-llama-3-8b-Q8_0,2,0.7954972415354403
"['практики для развития самодисциплины', 'советы по повышению самодисциплины']",39,web_search,1,suzume-llama-3-8b-Q8_0,2,0.8832915921763917
"['Книги для расширения кругозора и поиска вдохновения', 'Литература для саморазвития и поиска вдохновения']",0,web_search,2,suzume-llama-3-8b-Q8_0,2,0.7757379203667139
"['Какие книги стоит читать для интеллектуального роста?', 'Сколько книг нужно читать в год для саморазвития?']",1,web_search,2,suzume-llama-3-8b-Q8_0,2,0.7504088575461684
"['Топ-5 упражнений для утренней зарядки: видео и фото', 'Какие упражнения включены в топ-5 утренних зарядок? #зарядка #утренняязарядка #здоровыйобразжизни #фитнес']",2,web_search,2,suzume-llama-3-8b-Q8_0,2,0.7598606553627949
"['Как известный спортсмен преодолевал трудности в своей карьере?', 'Уроки успеха от спортсмена: как он достиг вершины несмотря на препятствия?']",3,web_search,2,suzume-llama-3-8b-Q8_0,2,0.7190297013219881
"['Как правильно обрезать плодовые деревья весной для садоводов', 'Советы по обрезке плодовых деревьев весной для огородников']",4,web_search,2,suzume-llama-3-8b-Q8_0,2,0.7879217414750768
"['Лучшие сорта томатов для открытого грунта в Сибири', 'Какие сорта томатов подходят для выращивания в открытом грунте в Сибири?']",5,web_search,2,suzume-llama-3-8b-Q8_0,2,0.7644540600910479
"['Как искусственный интеллект влияет на будущее мировой политики?', 'Искусственный интеллект: как он изменит политическую сцену в будущем?']",6,web_search,2,suzume-llama-3-8b-Q8_0,2,0.7342883441836756
"['Как молодые люди могут влиять на политическую жизнь страны?', 'Можно ли использовать интерактивные форматы для вовлечения молодежи в политику?']",7,web_search,2,suzume-llama-3-8b-Q8_0,2,0.7661952812594479
"['Как использовать анализ больших данных для улучшения бизнес-процессов?', 'Примеры использования анализа больших данных для оптимизации бизнес-операций']",8,web_search,2,suzume-llama-3-8b-Q8_0,2,0.8131267237627251
"['Тенденции в области аналитики больших данных', 'Какие технологии используются для аналитики больших данных']",9,web_search,2,suzume-llama-3-8b-Q8_0,2,0.8492645292039696
"['Как социальные сети влияют на формирование общественного мнения?', 'Влияние социальных сетей на общественное мнение: как обсудить и поощрить дискуссии?']",10,web_search,2,suzume-llama-3-8b-Q8_0,2,0.7733350247906009
"['Какие тренды в интернет-рекламе ожидается в ближайшем будущем?', 'Что предвещает будущее для маркетологов и рекламодателей в интернете?']",11,web_search,2,suzume-llama-3-8b-Q8_0,2,0.8207835313195985
"['Как развить критическое мышление для улучшения анализа информации и принятия решений?', 'Методы и упражнения для развития критического мышления: что нужно знать? #критическоемышление #аналитика #решения']",12,web_search,2,suzume-llama-3-8b-Q8_0,2,0.7223082694173658
"['Какие экологические проблемы современного мира и как их можно решить?', '#экология #охранаприроды #зеленоебудущее: предложения по устранению экологических проблем']",13,web_search,2,suzume-llama-3-8b-Q8_0,2,0.8019394884133868
"['Какие техники медитации помогают справляться со стрессом?', 'Что такое медитация и какие её преимущества для здоровья?']",14,web_search,2,suzume-llama-3-8b-Q8_0,2,0.7669992557650979
"['Как улучшить организованность и продуктивность?', 'Практические советы по управлению временем и пространством для повышения эффективности']",15,web_search,2,suzume-llama-3-8b-Q8_0,2,0.6307209944554883
"['Какие продукты следует включить в рацион для здорового питания?', '#здоровоепитание #здоровье: Как составить сбалансированный рацион?']",16,web_search,2,suzume-llama-3-8b-Q8_0,2,0.6779876660575586
"['Как развить свой творческий потенциал?', '#творчество #развитие #творческийпотенциал: методы и упражнения']",17,web_search,2,suzume-llama-3-8b-Q8_0,2,0.8212380280903895
"['Как цвета влияют на восприятие информации', 'Использование цветов в дизайне и маркетинге: исследования и рекомендации']",18,web_search,2,suzume-llama-3-8b-Q8_0,2,0.7645088148017309
"['Как составить бюджет на личные финансы?', 'Практические советы по инвестированию и накоплению сбережений для начинающих']",19,web_search,2,suzume-llama-3-8b-Q8_0,2,0.7468569724882639
"['Как музыка влияет на настроение и работоспособность? Рекомендации по выбору музыки для улучшения качества жизни', 'Влияние музыки на психологическое состояние: исследования и рекомендации для музыкантов, психологов и саморазвивающихся']",20,web_search,2,suzume-llama-3-8b-Q8_0,2,0.7493333416141736
"['Как развить эмоциональный интеллект?', 'Методы и упражнения для повышения эмоционального интеллекта']",21,web_search,2,suzume-llama-3-8b-Q8_0,2,0.7817279643606445
"['Как социальные сети влияют на психическое здоровье', 'Влияние открытых диалогов в социальных сетях на психологическое благополучие']",22,web_search,2,suzume-llama-3-8b-Q8_0,2,0.8082558628488189
"['Как снизить риск эмоционального выгорания', 'Методы борьбы с усталостью и потерей интереса к работе']",23,web_search,2,suzume-llama-3-8b-Q8_0,2,0.7000996866778233
"['Какие виды спорта улучшают работу мозга?', 'Польза спорта для здоровья мозга: какие примеры?']",24,web_search,2,suzume-llama-3-8b-Q8_0,2,0.7836589328971332
"['Как развить эмпатию? Практики для улучшения коммуникативных навыков', 'Эмпатия: Как научиться лучше понимать других людей и улучшить свои навыки общения']",25,web_search,2,suzume-llama-3-8b-Q8_0,2,0.8049515462217378
"['Как музыка влияет на память и когнитивные функции?', 'Какие научные исследования подтверждают, что музыка улучшает память?']",26,web_search,2,suzume-llama-3-8b-Q8_0,2,0.6588415962215819
"['Как построить гармоничные отношения', 'Советы для создания крепких отношений']",27,web_search,2,suzume-llama-3-8b-Q8_0,2,0.7679536203147219
"['Как стресс влияет на физическое здоровье?', 'Влияние стресса на психическое здоровье']",28,web_search,2,suzume-llama-3-8b-Q8_0,2,0.760513675891938
"['Как развить креативность и мыслить нестандартно?', 'Методы и упражнения для развития креативности: что работает?']",29,web_search,2,suzume-llama-3-8b-Q8_0,2,0.7591113844826307
"['Какие технологии используются для улучшения качества образования?', 'Влияние цифровых технологий на доступность образования: какие изменения произошли?']",30,web_search,2,suzume-llama-3-8b-Q8_0,2,0.7740420365228129
"['Какие методы помогают справиться с тревогой и стрессом?', 'Практические советы для снижения тревоги и управления стрессом']",31,web_search,2,suzume-llama-3-8b-Q8_0,2,0.8140461561675904
"['Как искусство влияет на эмоциональное состояние человека?', 'Влияние искусства на психологическое благополучие']",32,web_search,2,suzume-llama-3-8b-Q8_0,2,0.7577566602771554
"['Как развить лидерские качества?', 'Методы развития лидерских качеств для начинающих']",33,web_search,2,suzume-llama-3-8b-Q8_0,2,0.7414014035874232
"['Какие продукты способствуют улучшению памяти и концентрации?', 'Что нужно есть для поддержания когнитивных функций?']",34,web_search,2,suzume-llama-3-8b-Q8_0,2,0.7606982124804357
"['Как создать эффективную команду для работы', 'Практические советы по формированию и управлению командой']",35,web_search,2,suzume-llama-3-8b-Q8_0,2,0.707698086324682
"['Как окружающая среда влияет на моё физическое и психическое здоровье?', 'Влияние загрязнения окружающей среды на здоровье человека']",36,web_search,2,suzume-llama-3-8b-Q8_0,2,0.7471720339818473
"['Как развить навыки общения?', 'Методы для улучшения коммуникативных навыков']",37,web_search,2,suzume-llama-3-8b-Q8_0,2,0.8074454194449282
"['Как путешествия влияют на личность?', 'Путешествия: как они меняют нас?']",38,web_search,2,suzume-llama-3-8b-Q8_0,2,0.7197240167417753
"['Как развить самодисциплину для достижения целей?', 'Практические советы для повышения уровня самодисциплины']",39,web_search,2,suzume-llama-3-8b-Q8_0,2,0.8379223495249966
