queries,num_message,stage,prompt,model
"['книги для расширения кругозора и вдохновения список', 'лучшие книги для саморазвития и поиска вдохновения отзывы']",0,web_search,0,gemma-2-9b-it-Q8_0_L
"['сколько книг читать в год для саморазвития', 'как развить привычку читать и выбрать интересные книги']",1,web_search,0,gemma-2-9b-it-Q8_0_L
"['топ 5 упражнений для утренней зарядки видео', '#зарядка  #утренняязарядка  видео упражнения для фитнеса']",2,web_search,0,gemma-2-9b-it-Q8_0_L
"['история успеха известного спортсмена преодоление трудностей', 'мотивационные истории спортсменов жизненный путь примеры']",3,web_search,0,gemma-2-9b-it-Q8_0_L
"['правила весенней обрезки плодовых деревьев для начинающих', 'техника обрезки яблонь, груш и слив весной']",4,web_search,0,gemma-2-9b-it-Q8_0_L
"['лучшие сорта томатов для открытого грунта в Сибири с описанием', 'томаты для Сибири: урожайность, сроки созревания, устойчивость к болезням']",5,web_search,0,gemma-2-9b-it-Q8_0_L
"['как искусственный интеллект изменит политику в будущем', 'влияние AI на международные отношения: дискуссия']",6,web_search,0,gemma-2-9b-it-Q8_0_L
"['как молодым людям участвовать в политике России', 'возможности для молодежи в политической жизни страны опрос']",7,web_search,0,gemma-2-9b-it-Q8_0_L
"['case studies big data optimization business processes', 'how businesses use data analytics to improve efficiency examples']",8,web_search,0,gemma-2-9b-it-Q8_0_L
"['future trends in big data analytics for data scientists', 'emerging technologies in big data analysis and their impact']",9,web_search,0,gemma-2-9b-it-Q8_0_L
"['Влияние социальных сетей на формирование общественного мнения: обсуждение', '#СоциальныеСети #ОбщественноеМнение #Медиа']",10,web_search,0,gemma-2-9b-it-Q8_0_L
"['будущее интернет рекламы тренды 2023 маркетологи', 'прогнозы развития digital advertising для рекламодателей']",11,web_search,0,gemma-2-9b-it-Q8_0_L
"['методы развития критического мышления #критическоемышление #аналитика', 'упражнения для тренировки критического мышления #решения #критическоемышление']",12,web_search,0,gemma-2-9b-it-Q8_0_L
"['Экологические проблемы современности: решения и перспективы #экология #охранаприроды #зеленоебудущее', 'Как сохранить окружающую среду: практические советы и глобальные инициативы #экология #охранаприроды #зеленоебудущее']",13,web_search,0,gemma-2-9b-it-Q8_0_L
"['техники медитации для снятия стресса', 'преимущества медитации для начинающих']",14,web_search,0,gemma-2-9b-it-Q8_0_L
"['практичные советы по организации времени и пространства', 'методы повышения продуктивности и организованности для начинающих']",15,web_search,0,gemma-2-9b-it-Q8_0_L
"['#здоровоепитание советы по выбору продуктов, #здоровье примеры рациона', 'как составить здоровый рацион питания для начинающих']",16,web_search,0,gemma-2-9b-it-Q8_0_L
"['методы развития творческих способностей', 'упражнения для развития креативности #творчество #развитие #творческийпотенциал']",17,web_search,0,gemma-2-9b-it-Q8_0_L
"['психология цвета в дизайне', 'влияние цвета на потребительское поведение исследования']",18,web_search,0,gemma-2-9b-it-Q8_0_L
"['как составить бюджет для молодых людей', 'простые инвестиции для начинающих: советы и рекомендации']",19,web_search,0,gemma-2-9b-it-Q8_0_L
"['влияние музыки на настроение и работоспособность исследования #музыкатерапия #саморазвитие', 'лучшая музыка для работы и учебы #фоноваямузыка #продуктивность']",20,web_search,0,gemma-2-9b-it-Q8_0_L
"['методы развития эмоционального интеллекта', 'упражнения для повышения эмоционального интеллекта']",21,web_search,0,gemma-2-9b-it-Q8_0_L
"['влияние социальных сетей на психическое здоровье дискуссия', 'как соцсети влияют на настроение и самооценку?']",22,web_search,0,gemma-2-9b-it-Q8_0_L
"['как бороться с эмоциональным выгоранием', 'признаки и методы борьбы с выгоранием у взрослых/студентов/работников']",23,web_search,0,gemma-2-9b-it-Q8_0_L
"['как спорт влияет на работу мозга', 'лучшие виды спорта для улучшения памяти и концентрации']",24,web_search,0,gemma-2-9b-it-Q8_0_L
"['как развить эмпатию: практические советы', 'улучшить коммуникации: упражнения на эмпатию #развитиеличности']",25,web_search,0,gemma-2-9b-it-Q8_0_L
"['научные исследования влияние музыки на память', 'музыка для улучшения памяти и концентрации']",26,web_search,0,gemma-2-9b-it-Q8_0_L
"['советы по построению гармоничных отношений', 'как улучшить отношения с партнером']",27,web_search,0,gemma-2-9b-it-Q8_0_L
"['влияние стресса на организм человека', 'как стресс влияет на физическое и психическое здоровье']",28,web_search,0,gemma-2-9b-it-Q8_0_L
"['методы развития креативности', 'упражнения для повышения креативности #креативность #мышление #решения']",29,web_search,0,gemma-2-9b-it-Q8_0_L
"['как технологии меняют образование', 'технологии в образовании: плюсы и минусы для качества и доступности']",30,web_search,0,gemma-2-9b-it-Q8_0_L
"['визуальные методы борьбы со стрессом и тревогой', 'практические советы по снижению тревожности с иллюстрациями']",31,web_search,0,gemma-2-9b-it-Q8_0_L
"['как искусство влияет на эмоции', 'психология восприятия искусства']",32,web_search,0,gemma-2-9b-it-Q8_0_L
"['методы развития лидерских качеств', 'как развить лидерские качества для начинающих руководителей']",33,web_search,0,gemma-2-9b-it-Q8_0_L
"['питание для улучшения памяти и концентрации', 'диета для мозга: исследования и рецепты']",34,web_search,0,gemma-2-9b-it-Q8_0_L
"['практические советы по созданию эффективных команд для сотрудников', 'как сформировать и управлять командой для повышения производительности']",35,web_search,0,gemma-2-9b-it-Q8_0_L
"['влияние загрязнения воздуха на здоровье', 'как окружающая среда влияет на психическое здоровье']",36,web_search,0,gemma-2-9b-it-Q8_0_L
"['методы развития навыков общения', 'как улучшить коммуникативные навыки для всех']",37,web_search,0,gemma-2-9b-it-Q8_0_L
"['как путешествия меняют человека', 'путешествия и самопознание: что мы находим в дороге?']",38,web_search,0,gemma-2-9b-it-Q8_0_L
"['практические методы развития самодисциплины', 'советы по повышению самодисциплины для достижения целей']",39,web_search,0,gemma-2-9b-it-Q8_0_L
"['книги для расширения кругозора и вдохновения список', 'лучшие книги для саморазвития и поиска вдохновения отзывы']",0,web_search,1,gemma-2-9b-it-Q8_0_L
"['сколько книг читать в год для саморазвития', 'как развить привычку читать и выбрать интересные книги']",1,web_search,1,gemma-2-9b-it-Q8_0_L
"['топ 5 упражнений для утренней зарядки видео', 'лучшие упражнения для утренней зарядки фото #зарядка #утренняязарядка #здоровыйобразжизни #фитнес']",2,web_search,1,gemma-2-9b-it-Q8_0_L
"['история успеха спортсмена примеры', 'как спортсмены преодолевают трудности мотивация']",3,web_search,1,gemma-2-9b-it-Q8_0_L
"['обрезка плодовых деревьев весной для начинающих', 'правила обрезки яблонь, груш и слив в весенний период']",4,web_search,1,gemma-2-9b-it-Q8_0_L
"['лучшие сорта томатов для открытого грунта в Сибири', 'томаты для Сибири: описание сортов с фото и характеристиками']",5,web_search,1,gemma-2-9b-it-Q8_0_L
"['как искусственный интеллект изменит политику в будущем', 'влияние AI на международные отношения: дискуссия']",6,web_search,1,gemma-2-9b-it-Q8_0_L
"['как молодежь может влиять на политику в России', 'опрос: что важно молодым людям в политике?']",7,web_search,1,gemma-2-9b-it-Q8_0_L
"['кейсы применения big data для оптимизации бизнес-процессов', 'как анализ больших данных повышает эффективность бизнеса примеры']",8,web_search,1,gemma-2-9b-it-Q8_0_L
"['тренды развития аналитики больших данных 2023', 'будущее аналитики данных: прогнозы экспертов']",9,web_search,1,gemma-2-9b-it-Q8_0_L
"['#ОбщественноеМнение #СоциальныеСети: как соцсети формируют нашу реальность?', 'Влияние социальных сетей на формирование мнений - дискуссия']",10,web_search,1,gemma-2-9b-it-Q8_0_L
"['будущее интернет рекламы тренды 2024 маркетологи', 'прогнозы развития интернет рекламы для рекламодателей']",11,web_search,1,gemma-2-9b-it-Q8_0_L
"['методы развития критического мышления с упражнениями #критическоемышление #аналитика', 'как улучшить навыки анализа информации и принятия решений #решения #критическоемышление']",12,web_search,1,gemma-2-9b-it-Q8_0_L
"['Экологические проблемы современности: решения и перспективы #экология #охранаприроды #зеленоебудущее', 'Как сохранить окружающую среду: практические советы и глобальные инициативы #экология #охранаприроды #зеленоебудущее']",13,web_search,1,gemma-2-9b-it-Q8_0_L
"['техники медитации для снятия стресса', 'преимущества медитации для начинающих']",14,web_search,1,gemma-2-9b-it-Q8_0_L
"['практические советы по организации времени', 'методы повышения продуктивности и организованности']",15,web_search,1,gemma-2-9b-it-Q8_0_L
"['советы по здоровому питанию для начинающих #здоровоепитание #здоровье', 'как составить рацион питания для похудения #здоровоепитание #здоровье']",16,web_search,1,gemma-2-9b-it-Q8_0_L
"['методы развития творческих способностей', 'упражнения для развития креативности']",17,web_search,1,gemma-2-9b-it-Q8_0_L
"['психология цвета в дизайне', 'влияние цвета на восприятие информации для маркетологов']",18,web_search,1,gemma-2-9b-it-Q8_0_L
"['как составить бюджет для молодых людей', 'простые инвестиции для начинающих: советы и рекомендации']",19,web_search,1,gemma-2-9b-it-Q8_0_L
"['влияние музыки на настроение и работоспособность исследования', 'музыка для концентрации и мотивации хэштег саморазвитие']",20,web_search,1,gemma-2-9b-it-Q8_0_L
"['методы развития эмоционального интеллекта', 'упражнения для повышения эмоционального интеллекта']",21,web_search,1,gemma-2-9b-it-Q8_0_L
"['влияние социальных сетей на психическое здоровье дискуссия', 'как соцсети влияют на настроение и самооценку?']",22,web_search,1,gemma-2-9b-it-Q8_0_L
"['как бороться с эмоциональным выгоранием', 'симптомы и методы борьбы с выгоранием у взрослых']",23,web_search,1,gemma-2-9b-it-Q8_0_L
"['как спорт влияет на мозг', 'лучшие виды спорта для памяти и концентрации']",24,web_search,1,gemma-2-9b-it-Q8_0_L
"['как развить эмпатию практикой', 'улучшить коммуникации: советы по развитию эмпатии']",25,web_search,1,gemma-2-9b-it-Q8_0_L
"['научные исследования влияние музыки на память', 'музыка для улучшения памяти и концентрации']",26,web_search,1,gemma-2-9b-it-Q8_0_L
"['советы по построению гармоничных отношений', 'как улучшить отношения с партнером']",27,web_search,1,gemma-2-9b-it-Q8_0_L
"['как стресс влияет на организм', 'стресс и его последствия для здоровья']",28,web_search,1,gemma-2-9b-it-Q8_0_L
"['методы развития креативности с упражнениями', '#креативность #мышление #решения как развить нестандартное мышление']",29,web_search,1,gemma-2-9b-it-Q8_0_L
"['технологии в образовании: плюсы и минусы', 'будущее образования: как технологии меняют учебу']",30,web_search,1,gemma-2-9b-it-Q8_0_L
"['визуальные методы борьбы со стрессом и тревогой', 'практические советы по снижению тревожности с иллюстрациями']",31,web_search,1,gemma-2-9b-it-Q8_0_L
"['влияние живописи на настроение', 'психология восприятия искусства']",32,web_search,1,gemma-2-9b-it-Q8_0_L
"['методы развития лидерских качеств', 'как развить лидерские качества для начинающих']",33,web_search,1,gemma-2-9b-it-Q8_0_L
"['питание для улучшения памяти и концентрации', 'диета для мозга: исследования и рецепты']",34,web_search,1,gemma-2-9b-it-Q8_0_L
"['практические советы по созданию эффективной команды', 'как мотивировать команду к достижению целей']",35,web_search,1,gemma-2-9b-it-Q8_0_L
"['влияние загрязнения воздуха на здоровье', 'как окружающая среда влияет на психическое здоровье']",36,web_search,1,gemma-2-9b-it-Q8_0_L
"['методы развития навыков общения', 'как улучшить коммуникативные навыки для всех']",37,web_search,1,gemma-2-9b-it-Q8_0_L
"['как путешествия меняют человека', 'путешествия и самопознание: провокационные мысли']",38,web_search,1,gemma-2-9b-it-Q8_0_L
"['практические методы развития самодисциплины', 'советы по повышению самодисциплины для достижения целей']",39,web_search,1,gemma-2-9b-it-Q8_0_L
"['книги для расширения кругозора и вдохновения', 'топ 5-7 книг для саморазвития и поиска вдохновения']",0,web_search,2,gemma-2-9b-it-Q8_0_L
"['сколько книг читать в год для саморазвития', 'как развить привычку читать и выбрать интересные книги']",1,web_search,2,gemma-2-9b-it-Q8_0_L
"['топ 5 упражнений для утренней зарядки видео', 'эффективная утренняя зарядка фото и описание']",2,web_search,2,gemma-2-9b-it-Q8_0_L
"['история успеха известного спортсмена', 'как спортсмены преодолевают трудности и достигают вершины']",3,web_search,2,gemma-2-9b-it-Q8_0_L
"['как правильно обрезать плодовые деревья весной', 'советы по весенней обрезке плодовых деревьев']",4,web_search,2,gemma-2-9b-it-Q8_0_L
"['Лучшие сорта томатов для Сибири открытого грунта', 'Томаты для Сибири: описание сортов с ранним и поздним созреванием']",5,web_search,2,gemma-2-9b-it-Q8_0_L
"['как искусственный интеллект изменит политику в будущем', 'влияние AI на международные отношения: перспективы и риски']",6,web_search,2,gemma-2-9b-it-Q8_0_L
"['Как молодые люди могут влиять на политику в России?', 'Возможности для молодежи в политической жизни страны: опрос']",7,web_search,2,gemma-2-9b-it-Q8_0_L
"['кейсы применения big data для оптимизации бизнес-процессов', 'как анализ больших данных повышает эффективность бизнеса']",8,web_search,2,gemma-2-9b-it-Q8_0_L
"['тренды развития аналитики больших данных 2023', 'будущее аналитики данных: ключевые вызовы и возможности']",9,web_search,2,gemma-2-9b-it-Q8_0_L
"['Влияние социальных сетей на формирование общественного мнения: обсуждение', '#ОбщественноеМнение #СоциальныеСети #Медиа']",10,web_search,2,gemma-2-9b-it-Q8_0_L
"['Тренды интернет-рекламы 2024-2025: прогнозы для маркетологов', 'Как изменится интернет-реклама в ближайшие 5 лет?']",11,web_search,2,gemma-2-9b-it-Q8_0_L
"['методы развития критического мышления с упражнениями #критическоемышление #аналитика #решения', 'как улучшить навыки анализа информации и принятия решений #критическоемышление #аналитика #решения']",12,web_search,2,gemma-2-9b-it-Q8_0_L
"['Экологические проблемы современности: причины и решения', 'Как каждый может внести вклад в сохранение окружающей среды #экология #охранаприроды #зеленоебудущее']",13,web_search,2,gemma-2-9b-it-Q8_0_L
"['техники медитации для снятия стресса', 'преимущества медитации для начинающих']",14,web_search,2,gemma-2-9b-it-Q8_0_L
"['практические советы по организации рабочего времени', 'методы повышения продуктивности и организованности в повседневной жизни']",15,web_search,2,gemma-2-9b-it-Q8_0_L
"['советы по здоровому питанию для начинающих', 'как составить рацион питания для похудения с помощью правильных продуктов']",16,web_search,2,gemma-2-9b-it-Q8_0_L
"['методы развития творческих способностей', 'упражнения для повышения креативности']",17,web_search,2,gemma-2-9b-it-Q8_0_L
"['психология цвета в дизайне', 'влияние цвета на восприятие информации в маркетинге: исследования и рекомендации']",18,web_search,2,gemma-2-9b-it-Q8_0_L
"['как составить бюджет для начинающих', 'простые советы по инвестированию для молодых людей']",19,web_search,2,gemma-2-9b-it-Q8_0_L
"['влияние музыки на настроение и работоспособность научные исследования', 'как музыка влияет на продуктивность и самочувствие #музыкадлямотивации #психологиязвука']",20,web_search,2,gemma-2-9b-it-Q8_0_L
"['методы развития эмоционального интеллекта', 'упражнения для повышения эмоционального интеллекта']",21,web_search,2,gemma-2-9b-it-Q8_0_L
"['влияние социальных сетей на психическое здоровье', 'как соцсети влияют на настроение и самооценку?']",22,web_search,2,gemma-2-9b-it-Q8_0_L
"['как бороться с эмоциональным выгоранием', 'признаки и методы борьбы с выгоранием у взрослых']",23,web_search,2,gemma-2-9b-it-Q8_0_L
"['как спорт влияет на работу мозга', 'какие виды спорта полезны для памяти и концентрации']",24,web_search,2,gemma-2-9b-it-Q8_0_L
"['Как развить эмпатию для лучшего общения?', 'Практические упражнения для повышения эмпатии']",25,web_search,2,gemma-2-9b-it-Q8_0_L
"['научные исследования влияние музыки на память', 'лучшая музыка для запоминания информации']",26,web_search,2,gemma-2-9b-it-Q8_0_L
"['как построить гармоничные отношения', 'советы для укрепления отношений']",27,web_search,2,gemma-2-9b-it-Q8_0_L
"['как стресс влияет на организм', 'симптомы стресса и способы борьбы с ним']",28,web_search,2,gemma-2-9b-it-Q8_0_L
"['методы развития креативности', 'упражнения для повышения креативного мышления']",29,web_search,2,gemma-2-9b-it-Q8_0_L
"['как технологии меняют образование', 'положительное и отрицательное влияние цифровых технологий на образование']",30,web_search,2,gemma-2-9b-it-Q8_0_L
"['как бороться с тревогой и стрессом: визуальные методы', 'практические советы по снижению тревожности и управлению стрессом с иллюстрациями']",31,web_search,2,gemma-2-9b-it-Q8_0_L
"['как искусство влияет на эмоции', 'психологическое воздействие произведений искусства']",32,web_search,2,gemma-2-9b-it-Q8_0_L
"['методы развития лидерских качеств', 'как развить лидерские качества для успешной карьеры']",33,web_search,2,gemma-2-9b-it-Q8_0_L
"['питание для улучшения памяти и концентрации', 'как правильно питаться для поддержания когнитивных функций']",34,web_search,2,gemma-2-9b-it-Q8_0_L
"['практические советы по созданию эффективной команды', 'как мотивировать команду к достижению целей']",35,web_search,2,gemma-2-9b-it-Q8_0_L
"['влияние загрязнения воздуха на здоровье', 'как окружающая среда влияет на психическое здоровье']",36,web_search,2,gemma-2-9b-it-Q8_0_L
"['методы развития навыков общения', 'как улучшить коммуникативные навыки']",37,web_search,2,gemma-2-9b-it-Q8_0_L
"['как путешествия меняют человека', 'влияние путешествий на личность и саморазвитие']",38,web_search,2,gemma-2-9b-it-Q8_0_L
"['практические методы развития самодисциплины', 'советы по повышению самодисциплины для достижения целей']",39,web_search,2,gemma-2-9b-it-Q8_0_L
"['Книги для расширения кругозора и вдохновения', 'Список книг для саморазвития и поиска вдохновения с описанием']",0,web_search,3,gemma-2-9b-it-Q8_0_L
"['Сколько книг нужно читать в год для саморазвития?', 'Как сформировать привычку читать и выбрать интересные книги?']",1,web_search,3,gemma-2-9b-it-Q8_0_L
"['топ 5 упражнений для утренней зарядки видео', 'эффективная утренняя зарядка фото']",2,web_search,3,gemma-2-9b-it-Q8_0_L
"['История успеха [имя известного спортсмена]: преодоление трудностей', 'Мотивационные истории спортсменов: примеры борьбы и достижения']",3,web_search,3,gemma-2-9b-it-Q8_0_L
"['Как правильно обрезать плодовые деревья весной', 'Советы по весенней обрезке плодовых деревьев']",4,web_search,3,gemma-2-9b-it-Q8_0_L
"['Лучшие сорта томатов для Сибири открытого грунта', 'Томаты для Сибири: описание сортов с высокой урожайностью и устойчивостью к болезням']",5,web_search,3,gemma-2-9b-it-Q8_0_L
"['Как искусственный интеллект изменит мировую политику?', 'Влияние AI на международные отношения: перспективы и риски']",6,web_search,3,gemma-2-9b-it-Q8_0_L
"['Как молодым людям участвовать в политике?', 'Возможности для молодежи в политической жизни России']",7,web_search,3,gemma-2-9b-it-Q8_0_L
"['Успешные кейсы применения анализа больших данных в оптимизации бизнес-процессов', 'Как анализ данных повышает эффективность бизнеса: примеры и инструменты']",8,web_search,3,gemma-2-9b-it-Q8_0_L
"['Тенденции развития аналитики больших данных 2023-2025', 'Будущее аналитики данных: ключевые направления и вызовы']",9,web_search,3,gemma-2-9b-it-Q8_0_L
"['Как социальные сети влияют на формирование общественного мнения?', '#ОбщественноеМнение #СоциальныеСети']",10,web_search,3,gemma-2-9b-it-Q8_0_L
"['Тренды интернет-рекламы 2024-2025: прогнозы экспертов', 'Как изменится интернет-реклама в ближайшие 5 лет?']",11,web_search,3,gemma-2-9b-it-Q8_0_L
"['Методы и упражнения для развития критического мышления #критическоемышление #аналитика #решения', 'Как улучшить навыки анализа информации и принятия решений: практические советы']",12,web_search,3,gemma-2-9b-it-Q8_0_L
"['Экологические проблемы мира: как нам сохранить планету?', '#экология #охранаприроды #зеленоебудущее']",13,web_search,3,gemma-2-9b-it-Q8_0_L
"['техники медитации для снятия стресса', 'преимущества медитации в повседневной жизни']",14,web_search,3,gemma-2-9b-it-Q8_0_L
"['Практические советы по повышению организованности', 'Методы эффективного управления временем и пространством']",15,web_search,3,gemma-2-9b-it-Q8_0_L
"['советы по здоровому питанию для начинающих', 'как составить рацион сбалансированного питания']",16,web_search,3,gemma-2-9b-it-Q8_0_L
"['Упражнения для развития творческого потенциала', 'Методы развития креативности']",17,web_search,3,gemma-2-9b-it-Q8_0_L
"['психология цвета в дизайне', 'влияние цвета на восприятие информации в маркетинге']",18,web_search,3,gemma-2-9b-it-Q8_0_L
"['Как составить бюджет для начинающих', 'Практические советы по инвестированию для молодых людей']",19,web_search,3,gemma-2-9b-it-Q8_0_L
"['Влияние музыки на настроение и продуктивность работы', 'Музыка для концентрации, отдыха и мотивации: научные исследования']",20,web_search,3,gemma-2-9b-it-Q8_0_L
"['Упражнения для развития эмоционального интеллекта', 'Методы повышения эмоционального интеллекта']",21,web_search,3,gemma-2-9b-it-Q8_0_L
"['Влияние социальных сетей на психическое здоровье: как не потеряться в потоке?', 'Делитесь своим опытом: как соцсети влияют на ваше эмоциональное состояние?']",22,web_search,3,gemma-2-9b-it-Q8_0_L
"['Как бороться с эмоциональным выгоранием', 'Методы профилактики эмоционального выгорания']",23,web_search,3,gemma-2-9b-it-Q8_0_L
"['Как спорт влияет на работу мозга', 'Виды спорта для улучшения когнитивных функций']",24,web_search,3,gemma-2-9b-it-Q8_0_L
"['Как развить эмпатию? Практические советы', 'Улучшить коммуникации: упражнения для развития эмпатии']",25,web_search,3,gemma-2-9b-it-Q8_0_L
"['научные исследования влияние музыки на память', 'как музыка влияет на когнитивные функции и запоминание']",26,web_search,3,gemma-2-9b-it-Q8_0_L
"['Как создать гармоничные отношения', 'Советы по построению крепких отношений']",27,web_search,3,gemma-2-9b-it-Q8_0_L
"['Как стресс влияет на организм', 'Последствия стресса для здоровья']",28,web_search,3,gemma-2-9b-it-Q8_0_L
"['Упражнения для развития креативности', 'Методы повышения креативного мышления']",29,web_search,3,gemma-2-9b-it-Q8_0_L
"['Как технологии меняют образование?', 'Положительное и отрицательное влияние технологий на образование']",30,web_search,3,gemma-2-9b-it-Q8_0_L
"['Как бороться с тревогой и стрессом: визуальные методы и советы', 'Инфографика: эффективные техники для снятия тревоги и управления стрессом']",31,web_search,3,gemma-2-9b-it-Q8_0_L
"['Как искусство влияет на эмоции', 'Влияние произведений искусства на психическое здоровье']",32,web_search,3,gemma-2-9b-it-Q8_0_L
"['методы развития лидерских качеств', 'как развить лидерские качества']",33,web_search,3,gemma-2-9b-it-Q8_0_L
"['Питание для улучшения памяти и концентрации', 'Какие продукты питания полезны для мозга']",34,web_search,3,gemma-2-9b-it-Q8_0_L
"['Как построить эффективную команду: практические советы', 'Формирование и управление эффективными командами']",35,web_search,3,gemma-2-9b-it-Q8_0_L
"['Влияние загрязнения воздуха на здоровье', 'Как окружающая среда влияет на психическое здоровье']",36,web_search,3,gemma-2-9b-it-Q8_0_L
"['Как развить навыки общения', 'Методы эффективного общения']",37,web_search,3,gemma-2-9b-it-Q8_0_L
"['Как путешествия формируют личность?', 'Влияние путешествий на саморазвитие']",38,web_search,3,gemma-2-9b-it-Q8_0_L
"['Как развить самодисциплину для достижения целей', 'Практические советы по повышению самодисциплины']",39,web_search,3,gemma-2-9b-it-Q8_0_L
"['книги для расширения кругозора', 'книги для поиска вдохновения']",0,web_search,0,saiga-llama-3-q8_0
"['книги для саморазвития', 'количество книг в год для интеллектуального роста']",1,web_search,0,saiga-llama-3-q8_0
"['Топ-5 упражнений для утренней зарядки видео', '#зарядка #утренняязарядка #здоровыйобразжизни #фитнес упражнения']",2,web_search,0,saiga-llama-3-q8_0
"['история успеха спортсмена преодоление трудностей достижение вершины', 'жизненный путь известного спортсмена преодоление препятствий мотивация для читателей']",3,web_search,0,saiga-llama-3-q8_0
"['как правильно обрезать плодовые деревья весной', 'советы по уходу за садом в весенний период']",4,web_search,0,saiga-llama-3-q8_0
"['сорт томатов для открытого грунта в Сибири', 'томаты для сибирского климата: лучшие сорта и особенности']",5,web_search,0,saiga-llama-3-q8_0
"['искусственный интеллект и мировая политика', 'влияние искусственного интеллекта на международные отношения']",6,web_search,0,saiga-llama-3-q8_0
"['роль молодежи в политической жизни страны возможности и перспективы', 'молодые люди 18-30 лет роль в политике интерактивные форматы опросы вопросы к подписчикам']",7,web_search,0,saiga-llama-3-q8_0
"['анализ больших данных для оптимизации бизнес-процессов', 'примеры использования анализа данных для повышения эффективности бизнеса']",8,web_search,0,saiga-llama-3-q8_0
"['аналитика больших данных', 'развитие аналитики данных']",9,web_search,0,saiga-llama-3-q8_0
"['влияние социальных сетей на формирование общественного мнения', '#социальные_сети #медиа #общественное_мнение']",10,web_search,0,saiga-llama-3-q8_0
"['интернет реклама тренды прогнозы', 'будущее интернет рекламы маркетологи']",11,web_search,0,saiga-llama-3-q8_0
,12,web_search,0,saiga-llama-3-q8_0
"['#экология #охранаприроды #зеленоебудущее', 'решение экологических проблем современного мира']",13,web_search,0,saiga-llama-3-q8_0
"['techniques of meditation for stress relief', 'benefits and methods of meditation']",14,web_search,0,saiga-llama-3-q8_0
"['методы повышения продуктивности', 'практические советы по организации времени и пространства']",15,web_search,0,saiga-llama-3-q8_0
"['healthy eating tips #здоровое питание #здоровье', 'product recommendations for a balanced diet #здоровое питание #рацион']",16,web_search,0,saiga-llama-3-q8_0
"['развитие творческих способностей методы упражнения', '#творчество #развитие #творческийпотенциал']",17,web_search,0,saiga-llama-3-q8_0
"['психология цвета', 'влияние цвета на восприятие информации']",18,web_search,0,saiga-llama-3-q8_0
"['управление личными финансами для начинающих', 'практические советы по составлению бюджета, инвестированию и накоплению сбережений']",19,web_search,0,saiga-llama-3-q8_0
"['влияние музыки на настроение и работоспособность', 'музыка для саморазвития и улучшения качества жизни']",20,web_search,0,saiga-llama-3-q8_0
"['развитие эмоционального интеллекта', 'методы и упражнения для повышения эмоционального интеллекта']",21,web_search,0,saiga-llama-3-q8_0
"['влияние социальных сетей на психическое здоровье', 'психологическое воздействие соцсетей на людей']",22,web_search,0,saiga-llama-3-q8_0
"['методы борьбы с эмоциональным выгоранием', 'средства для восстановления мотивации и энергии']",23,web_search,0,saiga-llama-3-q8_0
"['влияние спорта на здоровье мозга', 'спорт и когнитивные функции']",24,web_search,0,saiga-llama-3-q8_0
"['развитие эмпатии для улучшения коммуникативных навыков', 'практические методы развития эмпатии для лучшего понимания других людей']",25,web_search,0,saiga-llama-3-q8_0
"['влияние музыки на память', 'как слушать музыку для улучшения памяти']",26,web_search,0,saiga-llama-3-q8_0
"['советы по созданию гармоничных отношений', 'как построить крепкие и здоровые отношения']",27,web_search,0,saiga-llama-3-q8_0
"['влияние стресса на организм человека', 'стресс и его влияние на физическое и психическое здоровье']",28,web_search,0,saiga-llama-3-q8_0
"['развитие креативности методы и упражнения', '#креативность #мышление #решения']",29,web_search,0,saiga-llama-3-q8_0
"['влияние технологий на образование', 'роль технологий в развитии образования']",30,web_search,0,saiga-llama-3-q8_0
"['стратегии борьбы с тревогой и стрессом для всех возрастов', 'практические советы по снижению тревоги и управления стрессом: иллюстрации, инфографики']",31,web_search,0,saiga-llama-3-q8_0
"['влияние искусства на эмоциональное состояние', 'искусство и психология: влияние на эмоциональное состояние человека']",32,web_search,0,saiga-llama-3-q8_0
"['развитие лидерских качеств для начинающих', 'методы развития лидерских качеств и их применение в повседневной жизни']",33,web_search,0,saiga-llama-3-q8_0
"['питание влияние на когнитивные функции', 'результаты исследований о питании для улучшения памяти и концентрации']",34,web_search,0,saiga-llama-3-q8_0
"['командный менеджмент эффективные команды', 'практические советы по формированию и управлению командой']",35,web_search,0,saiga-llama-3-q8_0
"['влияние окружающей среды на здоровье человека', 'роль экологии в развитии психического здоровья']",36,web_search,0,saiga-llama-3-q8_0
"['развитие навыков общения для всех', 'методы улучшения коммуникативных навыков']",37,web_search,0,saiga-llama-3-q8_0
"['путешествия влияние на личность', 'как путешествия изменяют человека']",38,web_search,0,saiga-llama-3-q8_0
"['развитие самодисциплины для достижения целей', 'практические советы по развитии самодисциплины']",39,web_search,0,saiga-llama-3-q8_0
"['книги для расширения кругозора', 'книги для поиска вдохновения']",0,web_search,1,saiga-llama-3-q8_0
"['книги для саморазвития', 'количество книг для чтения в год']",1,web_search,1,saiga-llama-3-q8_0
"['Топ-5 упражнений для утренней зарядки видео', '#зарядка #утренняязарядка #здоровыйобразжизни #фитнес упражнения']",2,web_search,1,saiga-llama-3-q8_0
"['история успеха спортсмена: преодоление трудностей', 'спортсмены, преодолевшие трудности в жизни']",3,web_search,1,saiga-llama-3-q8_0
"['как правильно обрезать плодовые деревья весной', 'советы по уходу за садом в весенний период']",4,web_search,1,saiga-llama-3-q8_0
"['сорт томатов для открытого грунта в Сибири', 'томаты для сибирского климата: лучшие сорта для открытого грунта']",5,web_search,1,saiga-llama-3-q8_0
,6,web_search,1,saiga-llama-3-q8_0
"['роль молодежи в политической жизни страны', 'молодые люди и политика: возможности и перспективы']",7,web_search,1,saiga-llama-3-q8_0
"['анализ больших данных для оптимизации бизнес-процессов', 'кейсы использования анализа данных для повышения эффективности бизнеса']",8,web_search,1,saiga-llama-3-q8_0
"['аналитика больших данных', 'развитие аналитики данных']",9,web_search,1,saiga-llama-3-q8_0
"['Влияние социальных сетей на формирование общественного мнения: обсуждение и дискуссии', '#Социальные_сети #Медиа #Общество #Общественное_мнение']",10,web_search,1,saiga-llama-3-q8_0
"['интернет реклама прогнозы', 'будущее тенденции в интернет маркетинге']",11,web_search,1,saiga-llama-3-q8_0
"['развитие критического мышления методы упражнения', '#критическое_мышление #аналитика #решения']",12,web_search,1,saiga-llama-3-q8_0
"['Экологические проблемы современного мира #экология #охранаприроды', 'Решение экологических проблем в будущем #зеленоебудущее']",13,web_search,1,saiga-llama-3-q8_0
"['медитация для снижения стресса', 'техники медитации для расслабления']",14,web_search,1,saiga-llama-3-q8_0
"['Методы повышения продуктивности', 'Практические советы по организации времени и пространства']",15,web_search,1,saiga-llama-3-q8_0
"['Советы по здоровому питанию #здоровое питание #здоровье', 'Выбор продуктов для здорового рациона #здоровое питание #здоровье']",16,web_search,1,saiga-llama-3-q8_0
"['методы и упражнения для развития творческих способностей #творчество #развитие #творческийпотенциал', 'как развить свой творческий потенциал #творчество #развитие']",17,web_search,1,saiga-llama-3-q8_0
"['психология цвета для дизайнеров', 'влияние цвета на восприятие информации в маркетинге']",18,web_search,1,saiga-llama-3-q8_0
"['практические советы по управлению личными финансами', 'инвестиции для начинающих: как начать с нуля']",19,web_search,1,saiga-llama-3-q8_0
"['Музыка настроение и работоспособность', 'Влияние музыки на психологическое состояние']",20,web_search,1,saiga-llama-3-q8_0
"['развитие эмоционального интеллекта методы', 'упражнения для развития эмоционального интеллекта']",21,web_search,1,saiga-llama-3-q8_0
"['влияние социальных сетей на психическое здоровье', 'психологическое воздействие соцсетей на людей']",22,web_search,1,saiga-llama-3-q8_0
"['методы борьбы с эмоциональным выгоранием', 'средства для восстановления мотивации']",23,web_search,1,saiga-llama-3-q8_0
,24,web_search,1,saiga-llama-3-q8_0
"['развитие эмпатии для улучшения коммуникативных навыков', 'практические методы развития эмпатии для лучшего понимания других людей']",25,web_search,1,saiga-llama-3-q8_0
"['влияние музыки на память', 'как слушать музыку для улучшения памяти']",26,web_search,1,saiga-llama-3-q8_0
"['советы по созданию гармоничных отношений', 'как построить крепкие и здоровые отношения']",27,web_search,1,saiga-llama-3-q8_0
"['влияние стресса на организм человека', 'стресс и его влияние на физическое и психическое здоровье']",28,web_search,1,saiga-llama-3-q8_0
"['развитие креативности методы и упражнения', '#креативность #мышление #решения']",29,web_search,1,saiga-llama-3-q8_0
"['Влияние технологий на качество образования', 'Технологии в образовании: доступность и эффективность']",30,web_search,1,saiga-llama-3-q8_0
"['Методы борьбы с тревогой и стрессом для всех возрастов', 'Иллюстрации и инфографики по снижению тревоги и управлению стрессом']",31,web_search,1,saiga-llama-3-q8_0
"['влияние искусства на эмоциональное состояние', 'роль искусства в формировании эмоционального состояния']",32,web_search,1,saiga-llama-3-q8_0
"['развитие лидерских качеств для начинающих', 'методы развития лидерских качеств и их применение']",33,web_search,1,saiga-llama-3-q8_0
"['питание для улучшения памяти и концентрации', 'как питаться для поддержания когнитивных функций']",34,web_search,1,saiga-llama-3-q8_0
"['как создать эффективную команду для работы', 'практические советы по формированию и управлению командой']",35,web_search,1,saiga-llama-3-q8_0
"['влияние окружающей среды на здоровье человека', 'роль экологии в поддержании физического и психического здоровья']",36,web_search,1,saiga-llama-3-q8_0
"['развитие навыков общения для всех', 'методы развития навыков общения']",37,web_search,1,saiga-llama-3-q8_0
"['Влияние путешествий на личность: как они меняют нас', 'Путешествия и саморазвитие: как они влияют на нашу личность']",38,web_search,1,saiga-llama-3-q8_0
"['развитие самодисциплины для достижения целей', 'практические советы по развитии самодисциплины']",39,web_search,1,saiga-llama-3-q8_0
"['Книги для расширения кругозора и поиска вдохновения', 'Литература для саморазвития и поиска вдохновения']",0,web_search,2,saiga-llama-3-q8_0
"['книжный дневник для саморазвития', 'количество книг, которые нужно читать в год для интеллектуального роста']",1,web_search,2,saiga-llama-3-q8_0
"['Упражнения для утренней зарядки: видео', 'Топ-5 упражнений для утренней зарядки с фото']",2,web_search,2,saiga-llama-3-q8_0
"['Как преодолевать трудности в спорте: история успеха известного спортсмена', 'Уроки мотивации из истории успешных спортсменов: как преодолеть препятствия и достичь вершины']",3,web_search,2,saiga-llama-3-q8_0
"['Как правильно обрезать плодовые деревья весной', 'Советы по обрезке плодовых деревьев весной для садоводов']",4,web_search,2,saiga-llama-3-q8_0
"['Лучшие сорта томатов для открытого грунта в Сибири', 'Сорта томатов для выращивания на открытом грунте в Сибири']",5,web_search,2,saiga-llama-3-q8_0
"['Искусственный интеллект и мировая политика', 'Влияние технологий на международные отношения']",6,web_search,2,saiga-llama-3-q8_0
"['Роль молодежи в политической жизни страны: возможности и перспективы', 'Молодые люди 18-30 лет: участие в политических процессах, интерактивные форматы']",7,web_search,2,saiga-llama-3-q8_0
"['Как использовать анализ больших данных для улучшения бизнес-процессов?', 'Применение анализа больших данных для оптимизации бизнес-операций: успешные кейсы и стратегии']",8,web_search,2,saiga-llama-3-q8_0
"['Аналитика больших данных: перспективы развития', 'Тенденции в области аналитики данных']",9,web_search,2,saiga-llama-3-q8_0
"['Как влияют социальные сети на формирование общественного мнения?', 'Влияние социальных сетей на формирование общественного мнения: как это работает?']",10,web_search,2,saiga-llama-3-q8_0
"['Тренды и прогнозы в интернет-рекламе', 'Как развивается интернет-реклама в ближайшем будущем']",11,web_search,2,saiga-llama-3-q8_0
"['Методы развития критического мышления для анализа информации и принятия решений', '#критическоемышление #аналитика #решения: упражнения для улучшения навыков']",12,web_search,2,saiga-llama-3-q8_0
"['Экологические проблемы современного мира: причины и решения', '#экология #охранаприроды #зеленоебудущее: как мы можем помочь сохранить нашу планету']",13,web_search,2,saiga-llama-3-q8_0
"['Техники медитации для снижения стресса', 'Преимущества практики медитации для улучшения психического здоровья']",14,web_search,2,saiga-llama-3-q8_0
"['Как повысить продуктивность и организованность в работе?', 'Советы по эффективному планированию времени и пространства для улучшения продуктивности']",15,web_search,2,saiga-llama-3-q8_0
"['Советы по здоровому питанию для начинающих', '#здоровое питание #здоровье: как составить рацион']",16,web_search,2,saiga-llama-3-q8_0
"['Методы и упражнения для развития творческих способностей', 'Как развить свой творческий потенциал с помощью хэштегг #творчество #развитие #творческийпотенциал']",17,web_search,2,saiga-llama-3-q8_0
"['Как цвет влияет на восприятие информации', 'Использование цвета в дизайне: исследования и рекомендации']",18,web_search,2,saiga-llama-3-q8_0
"['Как составить бюджет для личных финансов?', 'Как начать инвестировать и накапливать сбережения?']",19,web_search,2,saiga-llama-3-q8_0
"['Как влияет музыка на настроение и работоспособность?', 'Рекомендации по выбору музыки для улучшения саморазвития и качества жизни']",20,web_search,2,saiga-llama-3-q8_0
"['Как развивать эмоциональный интеллект?', 'Методы и упражнения для улучшения эмоционального интеллекта']",21,web_search,2,saiga-llama-3-q8_0
"['Влияние социальных сетей на психическое здоровье', 'Как социальные сети влияют на психическое здоровье']",22,web_search,2,saiga-llama-3-q8_0
"['Способы борьбы с эмоциональным выгоранием', 'Методы управления стрессом на работе']",23,web_search,2,saiga-llama-3-q8_0
"['Какие виды спорта улучшают работу мозга?', 'Влияет ли регулярное участие в спорте на улучшение памяти и концентрации?']",24,web_search,2,saiga-llama-3-q8_0
"['Как развивать эмпатию для лучшего общения', 'Практические советы по развитию эмпатии']",25,web_search,2,saiga-llama-3-q8_0
"['Как музыка влияет на память и как она может улучшить когнитивные функции?', 'Существуют ли научные исследования о том, как музыка влияет на память человека?']",26,web_search,2,saiga-llama-3-q8_0
"['Советы для укрепления гармоничных отношений', 'Как создать здоровые и крепкие отношения']",27,web_search,2,saiga-llama-3-q8_0
"['Как стресс влияет на организм человека', 'Влияние стресса на физическое и психическое здоровье']",28,web_search,2,saiga-llama-3-q8_0
"['Методы развития креативности', 'Упражнения для мыслительного процесса']",29,web_search,2,saiga-llama-3-q8_0
"['Какие технологии используются для улучшения качества образования?', 'Влияет ли использование технологий на доступность образования?']",30,web_search,2,saiga-llama-3-q8_0
"['Методы борьбы с тревогой и стрессом для людей всех возрастов', 'Практические советы по снижению тревоги и управлению стрессом: визуальный контент']",31,web_search,2,saiga-llama-3-q8_0
"['Как влияет искусство на эмоциональное состояние человека?', 'Влияние искусства на психологическое здоровье']",32,web_search,2,saiga-llama-3-q8_0
"['Как развивать лидерские качества?', 'Методы развития лидерских качеств для успешного руководства']",33,web_search,2,saiga-llama-3-q8_0
"['Какое питание улучшает память и концентрацию?', 'Рекомендации по диете для поддержания когнитивных функций']",34,web_search,2,saiga-llama-3-q8_0
"['Как создать эффективную команду для работы', 'Практические советы по формированию и управлению командой']",35,web_search,2,saiga-llama-3-q8_0
"['Как влияет окружающая среда на здоровье человека?', 'Влияние воздействия окружающей среды на физическое и психическое здоровье']",36,web_search,2,saiga-llama-3-q8_0
"['Как развивать навыки общения?', 'Методы для улучшения навыков общения']",37,web_search,2,saiga-llama-3-q8_0
"['Какие изменения происходят в личности после путешествий?', 'Влияет ли путешествие на формирование личности человека?']",38,web_search,2,saiga-llama-3-q8_0
"['Как развивать самодисциплину для достижения своих целей?', 'Практические советы по развитии самодисциплины и повышению эффективности']",39,web_search,2,saiga-llama-3-q8_0
,0,web_search,3,saiga-llama-3-q8_0
,1,web_search,3,saiga-llama-3-q8_0
,2,web_search,3,saiga-llama-3-q8_0
,3,web_search,3,saiga-llama-3-q8_0
,4,web_search,3,saiga-llama-3-q8_0
,5,web_search,3,saiga-llama-3-q8_0
,6,web_search,3,saiga-llama-3-q8_0
,7,web_search,3,saiga-llama-3-q8_0
,8,web_search,3,saiga-llama-3-q8_0
,9,web_search,3,saiga-llama-3-q8_0
,10,web_search,3,saiga-llama-3-q8_0
,11,web_search,3,saiga-llama-3-q8_0
,12,web_search,3,saiga-llama-3-q8_0
,13,web_search,3,saiga-llama-3-q8_0
,14,web_search,3,saiga-llama-3-q8_0
,15,web_search,3,saiga-llama-3-q8_0
,16,web_search,3,saiga-llama-3-q8_0
,17,web_search,3,saiga-llama-3-q8_0
,18,web_search,3,saiga-llama-3-q8_0
,19,web_search,3,saiga-llama-3-q8_0
,20,web_search,3,saiga-llama-3-q8_0
,21,web_search,3,saiga-llama-3-q8_0
,22,web_search,3,saiga-llama-3-q8_0
,23,web_search,3,saiga-llama-3-q8_0
,24,web_search,3,saiga-llama-3-q8_0
,25,web_search,3,saiga-llama-3-q8_0
,26,web_search,3,saiga-llama-3-q8_0
,27,web_search,3,saiga-llama-3-q8_0
,28,web_search,3,saiga-llama-3-q8_0
,29,web_search,3,saiga-llama-3-q8_0
,30,web_search,3,saiga-llama-3-q8_0
,31,web_search,3,saiga-llama-3-q8_0
,32,web_search,3,saiga-llama-3-q8_0
,33,web_search,3,saiga-llama-3-q8_0
,34,web_search,3,saiga-llama-3-q8_0
,35,web_search,3,saiga-llama-3-q8_0
,36,web_search,3,saiga-llama-3-q8_0
,37,web_search,3,saiga-llama-3-q8_0
,38,web_search,3,saiga-llama-3-q8_0
,39,web_search,3,saiga-llama-3-q8_0
"['книги для расширения кругозора и поиска вдохновения', 'литература для саморазвития и поиска вдохновения']",0,web_search,0,suzume-llama-3-8b-Q8_0
"['количество книг для чтения в год', 'советы по чтению для саморазвития']",1,web_search,0,suzume-llama-3-8b-Q8_0
"['Топ-5 упражнений для утренней зарядки с видео', 'Фото и видео упражнений для здорового образа жизни #зарядка #утренняязарядка #здоровыйобразжизни #фитнес']",2,web_search,0,suzume-llama-3-8b-Q8_0
"['жизнь известного спортсмена: преодоление трудностей', 'спортивные истории успеха: уроки жизни']",3,web_search,0,suzume-llama-3-8b-Q8_0
"['как правильно обрезать плодовые деревья весной', 'советы по обрезке плодовых деревьев весной для садоводов']",4,web_search,0,suzume-llama-3-8b-Q8_0
"['Лучшие сорта томатов для открытого грунта в Сибири', 'Сорты томатов для выращивания в открытом грунте в Сибири']",5,web_search,0,suzume-llama-3-8b-Q8_0
"['Искусственный интеллект и мировая политика: будущее', 'Как искусственный интеллект изменит политику мира']",6,web_search,0,suzume-llama-3-8b-Q8_0
"['роль молодежи в политической жизни страны', 'молодые люди и политика: возможности и перспективы']",7,web_search,0,suzume-llama-3-8b-Q8_0
"['Применение анализа больших данных для оптимизации бизнес-процессов', 'Опыт использования анализа данных для повышения эффективности бизнеса']",8,web_search,0,suzume-llama-3-8b-Q8_0
"['аналитика больших данных: будущее и тенденции', 'развитие аналитики данных: ключевые направления для IT-специалистов']",9,web_search,0,suzume-llama-3-8b-Q8_0
"['влияние социальных сетей на формирование общественного мнения', 'как социальные сети влияют на общественное мнение']",10,web_search,0,suzume-llama-3-8b-Q8_0
"['будущее интернет рекламы тренды прогнозы для маркетологов', 'интернет реклама 2023: что ждет маркетологов и рекламодателей']",11,web_search,0,suzume-llama-3-8b-Q8_0
"['методы развития критического мышления для анализа информации и принятия решений', '#критическоемышление #аналитика #решения упражнения']",12,web_search,0,suzume-llama-3-8b-Q8_0
"['#экология #охранаприроды #зеленоебудущее', 'Экологические проблемы современного мира: причины, последствия и пути решения']",13,web_search,0,suzume-llama-3-8b-Q8_0
"['techniques of meditation for stress relief', 'benefits and techniques of meditation']",14,web_search,0,suzume-llama-3-8b-Q8_0
"['практики повышения продуктивности', 'советы по управлению временем и пространством']",15,web_search,0,suzume-llama-3-8b-Q8_0
"['соблюдение здорового питания для улучшения образа жизни', 'советы по составлению рациона с использованием хэштегов #здоровоепитание #здоровье']",16,web_search,0,suzume-llama-3-8b-Q8_0
"['методы развития творческих способностей', '#творчество #развитие #творческийпотенциал упражнения']",17,web_search,0,suzume-llama-3-8b-Q8_0
"['психология цвета для дизайнеров', 'как цвета влияют на восприятие информации']",18,web_search,0,suzume-llama-3-8b-Q8_0
"['практические советы по управлению личными финансами', 'инвестиции для начинающих: как начать с нуля']",19,web_search,0,suzume-llama-3-8b-Q8_0
"['Влияние музыки на настроение и работоспособность', 'Как музыка влияет на психологическое состояние: исследования и рекомендации']",20,web_search,0,suzume-llama-3-8b-Q8_0
"['методы развития эмоционального интеллекта', 'упражнения на повышение эмоционального интеллекта']",21,web_search,0,suzume-llama-3-8b-Q8_0
"['влияние социальных сетей на психическое здоровье', 'психологическое воздействие социальных сетей на пользователей']",22,web_search,0,suzume-llama-3-8b-Q8_0
"['методы борьбы с эмоциональным выгоранием', 'преодоление усталости и потерю интереса к работе или учебе']",23,web_search,0,suzume-llama-3-8b-Q8_0
"['польза спорта для здоровья мозга', 'какие виды спорта улучшают когнитивные функции']",24,web_search,0,suzume-llama-3-8b-Q8_0
"['практики для улучшения эмпатии', 'как развить способность понимать других']",25,web_search,0,suzume-llama-3-8b-Q8_0
"['влияние музыки на память', 'какая музыка помогает улучшить память']",26,web_search,0,suzume-llama-3-8b-Q8_0
"['советы по созданию гармоничных отношений', 'как построить крепкие и здоровые отношения']",27,web_search,0,suzume-llama-3-8b-Q8_0
"['влияние стресса на организм', 'стресс и его влияние на физическое и психическое здоровье']",28,web_search,0,suzume-llama-3-8b-Q8_0
"['методы развития креативности', '#креативность #мышление #решения упражнения']",29,web_search,0,suzume-llama-3-8b-Q8_0
"['влияние технологий на качество образования', 'какие технологии улучшают доступность образования']",30,web_search,0,suzume-llama-3-8b-Q8_0
"['методы борьбы с тревогой и стрессом для людей всех возрастов', 'практические советы по снижению тревоги и управлению стрессом с использованием визуального контента']",31,web_search,0,suzume-llama-3-8b-Q8_0
"['влияние искусства на эмоциональное состояние', 'психологическое воздействие искусства']",32,web_search,0,suzume-llama-3-8b-Q8_0
"['методы развития лидерских качеств', 'как развить лидерские качества']",33,web_search,0,suzume-llama-3-8b-Q8_0
"['питание для улучшения памяти и концентрации', 'какие продукты улучшают когнитивные функции']",34,web_search,0,suzume-llama-3-8b-Q8_0
"['практические советы по формированию эффективных команд', 'как создать успешную команду для работы']",35,web_search,0,suzume-llama-3-8b-Q8_0
"['влияние окружающей среды на здоровье человека', 'как окружающая среда влияет на физическое и психическое здоровье']",36,web_search,0,suzume-llama-3-8b-Q8_0
"['методы развития навыков общения', 'советы по улучшению коммуникативных навыков']",37,web_search,0,suzume-llama-3-8b-Q8_0
"['Как путешествия влияют на личность', 'Путешествия как инструмент саморазвития']",38,web_search,0,suzume-llama-3-8b-Q8_0
"['практики для развития самодисциплины', 'советы по повышению самодисциплины']",39,web_search,0,suzume-llama-3-8b-Q8_0
"['Книги для расширения кругозора и поиска вдохновения', 'Литература для саморазвития и поиска вдохновения']",0,web_search,1,suzume-llama-3-8b-Q8_0
"['количество книг для чтения в год для саморазвития', 'советы по чтению для интеллектуального роста']",1,web_search,1,suzume-llama-3-8b-Q8_0
"['Топ-5 упражнений для утренней зарядки с видео', 'Фотографии упражнений для утренней зарядки #зарядка #утренняязарядка #здоровыйобразжизни #фитнес']",2,web_search,1,suzume-llama-3-8b-Q8_0
"['жизнь известного спортсмена: преодоление трудностей', 'спортивные достижения через преодоление препятствий']",3,web_search,1,suzume-llama-3-8b-Q8_0
"['Как правильно обрезать плодовые деревья весной для садоводов', 'Советы по обрезке плодовых деревьев весной для огородников']",4,web_search,1,suzume-llama-3-8b-Q8_0
"['Лучшие сорта томатов для открытого грунта в Сибири', 'Сорты томатов для выращивания в открытом грунте в Сибири: рекомендации']",5,web_search,1,suzume-llama-3-8b-Q8_0
"['Искусственный интеллект и мировая политика: будущее и вызовы', 'Как искусственный интеллект изменит мир политики? Анализ перспектив']",6,web_search,1,suzume-llama-3-8b-Q8_0
"['Молодёжная политика в России: возможности и перспективы', 'Как молодые люди могут влиять на политическую жизнь страны через интерактивные форматы']",7,web_search,1,suzume-llama-3-8b-Q8_0
"['Применение анализа больших данных для повышения эффективности бизнес-процессов', 'Оптимизация бизнес-операций с помощью анализа больших данных: успешные кейсы и примеры']",8,web_search,1,suzume-llama-3-8b-Q8_0
"['Тенденции в области аналитики больших данных для специалистов', 'Развитие аналитики данных: обсуждение тенденций и перспектив']",9,web_search,1,suzume-llama-3-8b-Q8_0
"['Влияние социальных сетей на формирование общественного мнения: обсуждение и дискуссии', 'Как социальные сети формируют общественное мнение? Роль обсуждений, комментариев и хэштегов']",10,web_search,1,suzume-llama-3-8b-Q8_0
"['интернет реклама будущее тренды маркетологи', 'прогнозы по развитию интернет рекламы для рекламодателей']",11,web_search,1,suzume-llama-3-8b-Q8_0
"['Методы и упражнения для развития критического мышления #критическоемышление #аналитика #решения', 'Как улучшить навыки анализа информации и принятия решений с помощью критического мышления #критическоемышление #аналитика #решения']",12,web_search,1,suzume-llama-3-8b-Q8_0
"['#экология #охранаприроды #зеленоебудущее: проблемы и решения', 'Какие экологические проблемы современного мира и как их можно решить?']",13,web_search,1,suzume-llama-3-8b-Q8_0
"['Техники медитации для снижения стресса', 'Преимущества медитации для улучшения самочувствия']",14,web_search,1,suzume-llama-3-8b-Q8_0
"['практики повышения продуктивности', 'советы по управлению временем и пространством']",15,web_search,1,suzume-llama-3-8b-Q8_0
"['Советы по здоровому питанию для улучшения образа жизни', '#здоровоепитание #здоровье: Как составить рацион на неделю']",16,web_search,1,suzume-llama-3-8b-Q8_0
"['методы и упражнения для развития творческих способностей #творчество #развитие #творческийпотенциал', 'как развить свой творческий потенциал с помощью методов и упражнений #творчество #развитие #творческийпотенциал']",17,web_search,1,suzume-llama-3-8b-Q8_0
"['психология цвета для дизайнеров', 'как цвета влияют на восприятие информации: исследования и рекомендации']",18,web_search,1,suzume-llama-3-8b-Q8_0
"['практические советы по управлению личными финансами для взрослых', 'инвестиции и накопление сбережений: советы для начинающих']",19,web_search,1,suzume-llama-3-8b-Q8_0
"['Как музыка влияет на настроение и работоспособность? Рекомендации по выбору музыки для улучшения качества жизни', 'Влияние музыки на психологическое состояние: исследования, рекомендации и хэштеги для саморазвития']",20,web_search,1,suzume-llama-3-8b-Q8_0
"['методы развития эмоционального интеллекта', 'упражнения на повышение эмоционального интеллекта']",21,web_search,1,suzume-llama-3-8b-Q8_0
"['Как социальные сети влияют на психическое здоровье', 'Влияние открытых диалогов в социальных сетях на психологическое благополучие']",22,web_search,1,suzume-llama-3-8b-Q8_0
"['Методы борьбы с эмоциональным выгоранием для взрослых', 'Как справиться с усталостью и потерей интереса к работе или учебе']",23,web_search,1,suzume-llama-3-8b-Q8_0
"['Какие виды спорта улучшают работу мозга?', 'Польза спорта для здоровья мозга: примеры и исследования']",24,web_search,1,suzume-llama-3-8b-Q8_0
"['Как развить эмпатию для улучшения коммуникативных навыков', 'Практические методы развития эмпатии для лучшего понимания других']",25,web_search,1,suzume-llama-3-8b-Q8_0
"['научные исследования о влиянии музыки на память', 'какая музыка помогает улучшить запоминание']",26,web_search,1,suzume-llama-3-8b-Q8_0
"['советы по созданию гармоничных отношений', 'как построить крепкие и здоровые отношения']",27,web_search,1,suzume-llama-3-8b-Q8_0
"['Влияние стресса на организм человека', 'Как стресс влияет на физическое и психическое здоровье']",28,web_search,1,suzume-llama-3-8b-Q8_0
"['Методы развития креативности для мыслителей', '#креативность #мышление #решения упражнения']",29,web_search,1,suzume-llama-3-8b-Q8_0
"['Влияние технологий на качество образования', 'Технологии в образовании: доступность и эффективность']",30,web_search,1,suzume-llama-3-8b-Q8_0
"['Методы борьбы с тревогой и стрессом для людей всех возрастов', 'Практические советы по снижению тревоги и управлению стрессом с использованием визуального контента']",31,web_search,1,suzume-llama-3-8b-Q8_0
"['Как искусство влияет на эмоциональное состояние человека', 'Влияние искусства на психологическое благополучие']",32,web_search,1,suzume-llama-3-8b-Q8_0
"['методы развития лидерских качеств', 'как развить лидерские качества']",33,web_search,1,suzume-llama-3-8b-Q8_0
"['Какие продукты улучшают память и концентрацию?', 'Питание для улучшения когнитивных функций: исследования и рекомендации']",34,web_search,1,suzume-llama-3-8b-Q8_0
"['практические советы по формированию эффективных команд', 'как создать успешную команду для командной работы']",35,web_search,1,suzume-llama-3-8b-Q8_0
"['Влияние загрязнения окружающей среды на здоровье человека', 'Как изменение климата влияет на психическое здоровье']",36,web_search,1,suzume-llama-3-8b-Q8_0
"['методы развития навыков общения', 'советы по улучшению коммуникативных навыков']",37,web_search,1,suzume-llama-3-8b-Q8_0
"['Как путешествия влияют на личность', 'Путешествия: изменяют ли они нас?']",38,web_search,1,suzume-llama-3-8b-Q8_0
"['практики для развития самодисциплины', 'советы по повышению самодисциплины']",39,web_search,1,suzume-llama-3-8b-Q8_0
"['Книги для расширения кругозора и поиска вдохновения', 'Литература для саморазвития и поиска вдохновения']",0,web_search,2,suzume-llama-3-8b-Q8_0
"['Какие книги стоит читать для интеллектуального роста?', 'Сколько книг нужно читать в год для саморазвития?']",1,web_search,2,suzume-llama-3-8b-Q8_0
"['Топ-5 упражнений для утренней зарядки: видео и фото', 'Какие упражнения включены в топ-5 утренних зарядок? #зарядка #утренняязарядка #здоровыйобразжизни #фитнес']",2,web_search,2,suzume-llama-3-8b-Q8_0
"['Как известный спортсмен преодолевал трудности в своей карьере?', 'Уроки успеха от спортсмена: как он достиг вершины несмотря на препятствия?']",3,web_search,2,suzume-llama-3-8b-Q8_0
"['Как правильно обрезать плодовые деревья весной для садоводов', 'Советы по обрезке плодовых деревьев весной для огородников']",4,web_search,2,suzume-llama-3-8b-Q8_0
"['Лучшие сорта томатов для открытого грунта в Сибири', 'Какие сорта томатов подходят для выращивания в открытом грунте в Сибири?']",5,web_search,2,suzume-llama-3-8b-Q8_0
"['Как искусственный интеллект влияет на будущее мировой политики?', 'Искусственный интеллект: как он изменит политическую сцену в будущем?']",6,web_search,2,suzume-llama-3-8b-Q8_0
"['Как молодые люди могут влиять на политическую жизнь страны?', 'Можно ли использовать интерактивные форматы для вовлечения молодежи в политику?']",7,web_search,2,suzume-llama-3-8b-Q8_0
"['Как использовать анализ больших данных для улучшения бизнес-процессов?', 'Примеры использования анализа больших данных для оптимизации бизнес-операций']",8,web_search,2,suzume-llama-3-8b-Q8_0
"['Тенденции в области аналитики больших данных', 'Какие технологии используются для аналитики больших данных']",9,web_search,2,suzume-llama-3-8b-Q8_0
"['Как социальные сети влияют на формирование общественного мнения?', 'Влияние социальных сетей на общественное мнение: как обсудить и поощрить дискуссии?']",10,web_search,2,suzume-llama-3-8b-Q8_0
"['Какие тренды в интернет-рекламе ожидается в ближайшем будущем?', 'Что предвещает будущее для маркетологов и рекламодателей в интернете?']",11,web_search,2,suzume-llama-3-8b-Q8_0
"['Как развить критическое мышление для улучшения анализа информации и принятия решений?', 'Методы и упражнения для развития критического мышления: что нужно знать? #критическоемышление #аналитика #решения']",12,web_search,2,suzume-llama-3-8b-Q8_0
"['Какие экологические проблемы современного мира и как их можно решить?', '#экология #охранаприроды #зеленоебудущее: предложения по устранению экологических проблем']",13,web_search,2,suzume-llama-3-8b-Q8_0
"['Какие техники медитации помогают справляться со стрессом?', 'Что такое медитация и какие её преимущества для здоровья?']",14,web_search,2,suzume-llama-3-8b-Q8_0
"['Как улучшить организованность и продуктивность?', 'Практические советы по управлению временем и пространством для повышения эффективности']",15,web_search,2,suzume-llama-3-8b-Q8_0
"['Какие продукты следует включить в рацион для здорового питания?', '#здоровоепитание #здоровье: Как составить сбалансированный рацион?']",16,web_search,2,suzume-llama-3-8b-Q8_0
"['Как развить свой творческий потенциал?', '#творчество #развитие #творческийпотенциал: методы и упражнения']",17,web_search,2,suzume-llama-3-8b-Q8_0
"['Как цвета влияют на восприятие информации', 'Использование цветов в дизайне и маркетинге: исследования и рекомендации']",18,web_search,2,suzume-llama-3-8b-Q8_0
"['Как составить бюджет на личные финансы?', 'Практические советы по инвестированию и накоплению сбережений для начинающих']",19,web_search,2,suzume-llama-3-8b-Q8_0
"['Как музыка влияет на настроение и работоспособность? Рекомендации по выбору музыки для улучшения качества жизни', 'Влияние музыки на психологическое состояние: исследования и рекомендации для музыкантов, психологов и саморазвивающихся']",20,web_search,2,suzume-llama-3-8b-Q8_0
"['Как развить эмоциональный интеллект?', 'Методы и упражнения для повышения эмоционального интеллекта']",21,web_search,2,suzume-llama-3-8b-Q8_0
"['Как социальные сети влияют на психическое здоровье', 'Влияние открытых диалогов в социальных сетях на психологическое благополучие']",22,web_search,2,suzume-llama-3-8b-Q8_0
"['Как снизить риск эмоционального выгорания', 'Методы борьбы с усталостью и потерей интереса к работе']",23,web_search,2,suzume-llama-3-8b-Q8_0
"['Какие виды спорта улучшают работу мозга?', 'Польза спорта для здоровья мозга: какие примеры?']",24,web_search,2,suzume-llama-3-8b-Q8_0
"['Как развить эмпатию? Практики для улучшения коммуникативных навыков', 'Эмпатия: Как научиться лучше понимать других людей и улучшить свои навыки общения']",25,web_search,2,suzume-llama-3-8b-Q8_0
"['Как музыка влияет на память и когнитивные функции?', 'Какие научные исследования подтверждают, что музыка улучшает память?']",26,web_search,2,suzume-llama-3-8b-Q8_0
"['Как построить гармоничные отношения', 'Советы для создания крепких отношений']",27,web_search,2,suzume-llama-3-8b-Q8_0
"['Как стресс влияет на физическое здоровье?', 'Влияние стресса на психическое здоровье']",28,web_search,2,suzume-llama-3-8b-Q8_0
"['Как развить креативность и мыслить нестандартно?', 'Методы и упражнения для развития креативности: что работает?']",29,web_search,2,suzume-llama-3-8b-Q8_0
"['Какие технологии используются для улучшения качества образования?', 'Влияние цифровых технологий на доступность образования: какие изменения произошли?']",30,web_search,2,suzume-llama-3-8b-Q8_0
"['Какие методы помогают справиться с тревогой и стрессом?', 'Практические советы для снижения тревоги и управления стрессом']",31,web_search,2,suzume-llama-3-8b-Q8_0
"['Как искусство влияет на эмоциональное состояние человека?', 'Влияние искусства на психологическое благополучие']",32,web_search,2,suzume-llama-3-8b-Q8_0
"['Как развить лидерские качества?', 'Методы развития лидерских качеств для начинающих']",33,web_search,2,suzume-llama-3-8b-Q8_0
"['Какие продукты способствуют улучшению памяти и концентрации?', 'Что нужно есть для поддержания когнитивных функций?']",34,web_search,2,suzume-llama-3-8b-Q8_0
"['Как создать эффективную команду для работы', 'Практические советы по формированию и управлению командой']",35,web_search,2,suzume-llama-3-8b-Q8_0
"['Как окружающая среда влияет на моё физическое и психическое здоровье?', 'Влияние загрязнения окружающей среды на здоровье человека']",36,web_search,2,suzume-llama-3-8b-Q8_0
"['Как развить навыки общения?', 'Методы для улучшения коммуникативных навыков']",37,web_search,2,suzume-llama-3-8b-Q8_0
"['Как путешествия влияют на личность?', 'Путешествия: как они меняют нас?']",38,web_search,2,suzume-llama-3-8b-Q8_0
"['Как развить самодисциплину для достижения целей?', 'Практические советы для повышения уровня самодисциплины']",39,web_search,2,suzume-llama-3-8b-Q8_0
"['Книги для расширения кругозора', 'Литература для поиска вдохновения']",0,web_search,3,suzume-llama-3-8b-Q8_0
"['Какие книги стоит читать для интеллектуального роста', 'Сколько книг нужно читать в год для саморазвития']",1,web_search,3,suzume-llama-3-8b-Q8_0
"['Упражнения для утренней зарядки видео', 'Лучшие упражнения для здорового образа жизни']",2,web_search,3,suzume-llama-3-8b-Q8_0
"['Преодоление трудностей в спорте: история успеха известного спортсмена', 'Как преодолеть препятствия на пути к вершине: мотивационные истории из мира спорта']",3,web_search,3,suzume-llama-3-8b-Q8_0
"['Как правильно обрезать плодовые деревья весной', 'Советы по обрезке плодовых деревьев в весенний период']",4,web_search,3,suzume-llama-3-8b-Q8_0
"['Лучшие сорта томатов для открытого грунта в Сибири', 'Сорты томатов для выращивания в открытом грунте в сибирском климате']",5,web_search,3,suzume-llama-3-8b-Q8_0
"['Как искусственный интеллект влияет на будущее мировой политики', 'Искусственный интеллект и его роль в глобальной политике']",6,web_search,3,suzume-llama-3-8b-Q8_0
"['Роль молодежи в политической жизни страны', 'Влияние молодого поколения на политику и общественную жизнь']",7,web_search,3,suzume-llama-3-8b-Q8_0
"['Как использовать анализ больших данных для улучшения бизнес-процессов', 'Примеры использования анализа больших данных в управлении бизнесом']",8,web_search,3,suzume-llama-3-8b-Q8_0
"['Перспективы развития аналитики больших данных', 'Тенденции в области аналитики данных']",9,web_search,3,suzume-llama-3-8b-Q8_0
"['Как социальные сети влияют на формирование общественного мнения', 'Влияние социальных сетей на общественное мнение: ключевые хэштеги и примеры']",10,web_search,3,suzume-llama-3-8b-Q8_0
"['Тренды в интернет-рекламе', 'Прогнозы по развитию рекламных технологий']",11,web_search,3,suzume-llama-3-8b-Q8_0
"['Как развить критическое мышление?', '#критическоемышление #аналитика #решения: методы и упражнения']",12,web_search,3,suzume-llama-3-8b-Q8_0
"['Экологические проблемы современного мира', '#экология #охранаприроды #зеленоебудущее']",13,web_search,3,suzume-llama-3-8b-Q8_0
"['Техники медитации для снижения стресса', 'Преимущества медитации для улучшения самочувствия']",14,web_search,3,suzume-llama-3-8b-Q8_0
"['Практики повышения продуктивности', 'Советы по улучшению организованности']",15,web_search,3,suzume-llama-3-8b-Q8_0
"['Советы по здоровому питанию для улучшения образа жизни', 'Как составить рацион на основе продуктов с высоким содержанием витаминов и минералов']",16,web_search,3,suzume-llama-3-8b-Q8_0
"['Методы и упражнения для развития творческих способностей', '#творчество #развитие #творческийпотенциал']",17,web_search,3,suzume-llama-3-8b-Q8_0
"['Как цвета влияют на восприятие информации', 'Использование цветов в дизайне и маркетинге: исследования и рекомендации']",18,web_search,3,suzume-llama-3-8b-Q8_0
"['Как составить бюджет на личные финансы', 'Практические советы по инвестированию и накоплению сбережений']",19,web_search,3,suzume-llama-3-8b-Q8_0
"['Как музыка влияет на настроение и работоспособность', 'Рекомендации по выбору музыки для улучшения качества жизни']",20,web_search,3,suzume-llama-3-8b-Q8_0
"['Методы развития эмоционального интеллекта', 'Упражнения на повышение эмоционального интеллекта']",21,web_search,3,suzume-llama-3-8b-Q8_0
"['Как социальные сети влияют на психическое здоровье', 'Влияние использования социальных сетей на эмоциональное состояние']",22,web_search,3,suzume-llama-3-8b-Q8_0
"['Методы борьбы с эмоциональным выгоранием', 'Как справиться с усталостью и потерей интереса к работе']",23,web_search,3,suzume-llama-3-8b-Q8_0
"['Как спорт влияет на здоровье мозга', 'Польза спорта для улучшения когнитивных функций']",24,web_search,3,suzume-llama-3-8b-Q8_0
"['Как развить эмпатию', 'Практики для улучшения коммуникативных навыков']",25,web_search,3,suzume-llama-3-8b-Q8_0
"['Как музыка влияет на память', 'Музыкальные треки для улучшения когнитивных функций']",26,web_search,3,suzume-llama-3-8b-Q8_0
"['Как улучшить отношения в семье', 'Советы по созданию гармоничных отношений']",27,web_search,3,suzume-llama-3-8b-Q8_0
"['Как стресс влияет на организм', 'Влияние стресса на физическое и психическое здоровье']",28,web_search,3,suzume-llama-3-8b-Q8_0
"['Методы развития креативного мышления', 'Упражнения для улучшения креативности']",29,web_search,3,suzume-llama-3-8b-Q8_0
"['Влияние технологий на качество образования', 'Как технологии изменяют доступность образовательных ресурсов']",30,web_search,3,suzume-llama-3-8b-Q8_0
"['Как снизить уровень тревоги и стресса', 'Практики для управления тревогой и стрессом через визуальный контент']",31,web_search,3,suzume-llama-3-8b-Q8_0
"['Как искусство влияет на эмоциональное состояние человека?', 'Влияние искусства на психологическое благополучие']",32,web_search,3,suzume-llama-3-8b-Q8_0
"['Методы развития лидерских качеств', 'Как развить лидерские навыки']",33,web_search,3,suzume-llama-3-8b-Q8_0
"['Как питание влияет на память и концентрацию', 'Лучшие продукты для улучшения когнитивных функций']",34,web_search,3,suzume-llama-3-8b-Q8_0
"['Как создать эффективную команду', 'Практические советы по формированию и управлению командой']",35,web_search,3,suzume-llama-3-8b-Q8_0
"['Как окружающая среда влияет на здоровье человека', 'Влияние загрязнения на физическое и психическое здоровье']",36,web_search,3,suzume-llama-3-8b-Q8_0
"['Как развить навыки общения', 'Методы улучшения коммуникативных навыков']",37,web_search,3,suzume-llama-3-8b-Q8_0
"['Как путешествия влияют на личность', 'Путешествия и их влияние на развитие человека']",38,web_search,3,suzume-llama-3-8b-Q8_0
"['Практики для развития самодисциплины', 'Как повысить свою самодисциплину']",39,web_search,3,suzume-llama-3-8b-Q8_0
